Time;Type;Volume;Symbol;Price;S/L;T/P;Time;Price;Commission;Swap;Profit;Comment
2026.08.31 01:05:00;Buy Stop;0.01;XAUUSD;4 694.88;4 501.22;4 710.22;2026.08.31 21:05:00;4 432.41;;;;cancelled
2026.08.28 16:00:00;Buy Stop;0.01;XAUUSD;4 696.02;4 656.25;4 721.65;2026.08.31 04:00:00;4 456.66;;;;cancelled
2026.08.13 01:05:01;Sell Stop;0.01;XAUUSD;3 961.83;3 977.13;3 889.72;2026.08.31 02:00:00;4 461.64;;;;cancelled
2026.08.28 11:15:00;Buy Stop;0.01;XAUUSD;4 694.96;4 601.28;4 710.87;2026.08.31 01:05:01;4 446.36;;;;cancelled
2026.08.28 10:15:00;Sell Stop;0.01;XAUUSD;3 945.92;4 086.08;3 912.60;2026.08.31 01:05:01;4 445.42;;;;cancelled
2026.08.26 13:15:00;Sell Stop;0.01;XAUUSD;4 326.34;4 366.60;4 300.39;2026.08.31 01:05:01;4 445.67;;;;cancelled
2026.08.19 17:00:00;Buy Stop;0.02;XAUUSD;4 887.24;4 865.15;4 977.79;2026.08.31 01:05:01;4 446.36;;;;cancelled
2026.08.28 17:05:00;Buy Stop;0.01;XAUUSD;4 694.88;4 501.48;4 710.20;2026.08.31 01:05:00;4 445.97;;;;cancelled
2026.08.28 17:05:15;Sell;0.01;XAUUSD;4 566.52;4 565.99;4 541.59;2026.08.28 17:08:10;4 566.17;-0.18;;0.35;[sl]
2026.08.28 17:05:15;Sell;0.01;XAUUSD;4 565.26;4 563.85;4 550.69;2026.08.28 17:06:34;4 549.96;-0.18;;15.30;[tp]
2026.08.27 21:05:00;Buy Stop;0.01;XAUUSD;4 694.85;4 498.89;4 710.37;2026.08.28 17:05:00;4 578.31;;;;cancelled
2026.08.26 04:00:00;Buy Stop;0.01;XAUUSD;4 696.01;4 655.75;4 721.96;2026.08.28 16:00:00;4 601.97;;;;cancelled
2026.08.20 14:00:00;Sell Stop;0.01;XAUUSD;4 326.46;4 348.13;4 193.71;2026.08.28 14:00:00;4 600.00;;;;cancelled
2026.08.27 05:00:01;Buy Stop;0.01;XAUUSD;4 694.93;4 600.01;4 711.05;2026.08.28 11:15:00;4 612.01;;;;cancelled
2026.08.26 23:15:00;Sell Stop;0.01;XAUUSD;3 945.96;4 087.87;3 912.23;2026.08.28 10:15:00;4 600.33;;;;cancelled
2026.08.27 01:05:00;Buy Stop;0.01;XAUUSD;4 694.85;4 498.89;4 710.37;2026.08.27 21:05:00;4 603.36;;;;cancelled
2026.08.26 13:10:00;Sell Stop;0.01;XAUUSD;4 326.56;4 522.36;4 311.05;2026.08.27 09:10:00;4 604.68;;;;cancelled
2026.08.25 23:00:00;Buy Stop;0.01;XAUUSD;4 694.95;4 600.92;4 710.92;2026.08.27 05:00:00;4 641.05;;;;cancelled
2026.08.26 05:00:00;Buy Stop;0.01;XAUUSD;4 694.85;4 499.05;4 710.36;2026.08.27 01:05:00;4 603.90;;;;cancelled
2026.08.25 12:15:00;Sell Stop;0.01;XAUUSD;3 945.93;4 086.61;3 912.49;2026.08.26 23:15:00;4 591.78;;;;cancelled
2026.08.26 16:16:00;Sell;0.01;XAUUSD;4 606.73;4 701.61;4 590.89;2026.08.26 16:30:00;4 611.69;-0.18;;-4.96;
2026.08.25 07:15:00;Sell Stop;0.01;XAUUSD;4 325.70;4 419.73;4 309.73;2026.08.26 13:15:00;4 619.02;;;;cancelled
2026.08.24 01:05:02;Sell Stop;0.01;XAUUSD;4 326.27;4 365.40;4 301.05;2026.08.26 13:15:00;4 619.07;;;;cancelled
2026.08.25 17:10:00;Sell Stop;0.01;XAUUSD;4 326.54;4 520.65;4 311.16;2026.08.26 13:10:00;4 622.07;;;;cancelled
2026.08.17 18:00:00;Sell Stop;0.01;XAUUSD;4 313.54;4 335.30;4 180.27;2026.08.25 18:00:00;4 636.03;;;;cancelled
2026.08.24 21:10:00;Sell Stop;0.01;XAUUSD;4 326.48;4 516.76;4 311.41;2026.08.25 17:10:00;4 623.24;;;;cancelled
2026.08.24 01:05:00;Sell Stop;0.01;XAUUSD;3 945.86;4 083.77;3 913.08;2026.08.25 12:15:00;4 630.59;;;;cancelled
2026.08.24 01:05:01;Sell Stop;0.01;XAUUSD;4 325.66;4 417.83;4 310.01;2026.08.25 07:15:00;4 637.19;;;;cancelled
2026.08.24 01:05:01;Sell Stop;0.01;XAUUSD;4 326.48;4 516.76;4 311.41;2026.08.24 21:10:00;4 632.20;;;;cancelled
2026.08.21 07:15:00;Sell Stop;0.01;XAUUSD;4 325.66;4 417.82;4 310.01;2026.08.24 01:05:01;4 610.46;;;;cancelled
2026.08.20 05:00:00;Sell Stop;0.01;XAUUSD;4 326.17;4 363.68;4 302.00;2026.08.24 01:05:01;4 610.52;;;;cancelled
2026.08.19 21:00:00;Sell Stop;0.01;XAUUSD;4 313.28;4 351.51;4 288.65;2026.08.24 01:05:01;4 610.52;;;;cancelled
2026.08.21 22:00:01;Sell Stop;0.01;XAUUSD;4 326.48;4 516.74;4 311.41;2026.08.24 01:05:00;4 609.92;;;;cancelled
2026.08.21 10:15:00;Sell Stop;0.01;XAUUSD;3 945.86;4 083.75;3 913.08;2026.08.24 01:05:00;4 609.54;;;;cancelled
2026.08.21 02:00:00;Sell Stop;0.01;XAUUSD;4 326.48;4 516.74;4 311.41;2026.08.21 22:00:00;4 624.40;;;;cancelled
2026.08.19 23:15:00;Sell Stop;0.01;XAUUSD;3 945.77;4 080.49;3 913.75;2026.08.21 10:15:00;4 561.68;;;;cancelled
2026.08.20 01:05:00;Sell Stop;0.01;XAUUSD;4 325.58;4 413.94;4 310.58;2026.08.21 07:15:00;4 540.26;;;;cancelled
2026.08.20 06:00:00;Sell Stop;0.01;XAUUSD;4 326.37;4 508.79;4 311.92;2026.08.21 02:00:00;4 524.11;;;;cancelled
2026.08.19 17:00:00;Sell Stop;0.01;XAUUSD;4 312.69;4 402.73;4 297.40;2026.08.20 23:00:00;4 528.34;;;;cancelled
2026.08.19 22:00:00;Sell Stop;0.01;XAUUSD;4 313.49;4 499.38;4 298.77;2026.08.20 18:00:00;4 516.05;;;;cancelled
2026.08.13 01:05:00;Sell Stop;0.01;XAUUSD;4 021.62;4 043.47;3 887.78;2026.08.20 14:00:00;4 490.10;;;;cancelled
2026.08.19 15:56:32;Buy;0.01;XAUUSD;4 435.80;4 486.68;4 570.47;2026.08.20 04:53:48;4 485.92;-0.18;-1.80;50.12;[sl]
2026.08.19 16:12:32;Buy;0.01;XAUUSD;4 448.31;4 486.70;4 583.50;2026.08.20 04:53:48;4 485.98;-0.18;-1.80;37.67;[sl]
2026.08.18 12:15:00;Sell Stop;0.01;XAUUSD;3 945.75;4 079.39;3 913.98;2026.08.19 23:15:00;4 506.93;;;;cancelled
2026.08.19 02:00:00;Sell Stop;0.01;XAUUSD;4 313.49;4 499.38;4 298.77;2026.08.19 22:00:00;4 495.11;;;;cancelled
2026.08.17 09:00:00;Sell Stop;0.01;XAUUSD;4 313.25;4 350.91;4 288.98;2026.08.19 21:00:00;4 487.13;;;;cancelled
2026.08.18 11:00:00;Sell Stop;0.01;XAUUSD;4 312.67;4 401.99;4 297.50;2026.08.19 17:00:00;4 459.58;;;;cancelled
2026.08.19 16:10:15;Buy;0.01;XAUUSD;4 443.39;4 446.04;4 475.52;2026.08.19 16:36:11;4 445.31;-0.18;;1.92;[sl]
2026.08.19 16:10:40;Buy;0.02;XAUUSD;4 445.70;4 447.91;4 536.37;2026.08.19 16:36:08;4 448.11;-0.36;;4.82;[sl]
2026.08.19 16:12:16;Buy;0.01;XAUUSD;4 446.67;4 454.74;4 519.02;2026.08.19 16:35:40;4 454.22;-0.18;;7.55;[sl]
2026.08.19 16:12:32;Buy;0.01;XAUUSD;4 448.00;4 458.10;4 473.18;2026.08.19 16:35:27;4 458.13;-0.18;;10.13;[sl]
2026.08.19 16:12:24;Buy;0.01;XAUUSD;4 447.46;4 450.97;4 462.82;2026.08.19 16:17:39;4 462.87;-0.18;;15.41;[tp]
2026.08.19 16:12:24;Buy;0.01;XAUUSD;4 447.46;4 448.93;4 462.17;2026.08.19 16:17:37;4 462.20;-0.18;;14.74;[tp]
2026.08.19 15:56:32;Buy;0.01;XAUUSD;4 435.80;4 447.65;4 459.91;2026.08.19 16:13:42;4 460.27;-0.18;;24.47;[tp]
2026.08.19 15:56:32;Buy;0.01;XAUUSD;4 435.64;4 437.00;4 449.55;2026.08.19 16:12:33;4 450.70;-0.18;;15.06;[tp]
2026.08.19 15:56:32;Buy;0.01;XAUUSD;4 435.39;4 436.86;4 448.90;2026.08.19 16:12:32;4 449.41;-0.18;;14.02;[tp]
2026.08.18 07:15:00;Buy Stop;0.01;XAUUSD;4 447.55;4 358.23;4 462.72;2026.08.19 13:15:00;4 363.91;;;;cancelled
2026.08.17 01:05:01;Buy Stop;0.01;XAUUSD;4 448.57;4 410.91;4 472.84;2026.08.19 13:15:00;4 363.91;;;;cancelled
2026.08.18 17:05:00;Buy Stop;0.01;XAUUSD;4 447.47;4 263.07;4 462.08;2026.08.19 13:05:00;4 360.15;;;;cancelled
2026.08.18 06:00:00;Sell Stop;0.01;XAUUSD;4 313.47;4 497.87;4 298.86;2026.08.19 02:00:00;4 334.11;;;;cancelled
2026.08.13 01:05:00;Buy Stop;0.02;XAUUSD;4 887.28;4 865.43;4 976.87;2026.08.19 01:05:00;4 340.69;;;;cancelled
2026.08.17 21:05:00;Buy Stop;0.01;XAUUSD;4 447.48;4 264.35;4 461.99;2026.08.18 17:05:00;4 404.32;;;;cancelled
2026.08.17 01:05:00;Sell Stop;0.01;XAUUSD;3 945.72;4 078.44;3 914.17;2026.08.18 12:15:00;4 392.75;;;;cancelled
2026.08.17 05:00:00;Sell Stop;0.01;XAUUSD;4 312.66;4 401.37;4 297.60;2026.08.18 11:00:00;4 395.65;;;;cancelled
2026.08.17 01:05:01;Buy Stop;0.01;XAUUSD;4 447.56;4 358.85;4 462.62;2026.08.18 07:15:00;4 392.48;;;;cancelled
2026.08.17 10:00:00;Sell Stop;0.01;XAUUSD;4 313.45;4 496.58;4 298.94;2026.08.18 06:00:00;4 400.05;;;;cancelled
2026.08.17 01:05:00;Buy Stop;0.01;XAUUSD;4 447.48;4 264.35;4 461.99;2026.08.17 21:05:00;4 411.80;;;;cancelled
2026.08.14 04:00:00;Buy Stop;0.01;XAUUSD;4 448.55;4 410.39;4 473.14;2026.08.17 01:05:01;4 373.74;;;;cancelled
2026.08.14 12:15:00;Sell Stop;0.01;XAUUSD;3 945.77;4 080.25;3 913.80;2026.08.17 01:05:00;4 372.70;;;;cancelled
2026.08.14 05:00:00;Buy Stop;0.01;XAUUSD;4 447.46;4 261.91;4 462.16;2026.08.17 01:05:00;4 373.42;;;;cancelled
2026.08.13 23:00:00;Buy Stop;0.01;XAUUSD;4 447.55;4 358.46;4 462.68;2026.08.17 01:05:00;4 373.66;;;;cancelled
2026.08.12 15:43:01;Buy;0.01;XAUUSD;4 434.55;4 396.52;4 458.85;2026.08.12 19:47:18;4 406.66;-0.18;;-27.89;
2026.08.12 15:43:01;Buy;0.01;XAUUSD;4 434.37;4 344.85;4 448.54;2026.08.12 19:47:18;4 406.78;-0.18;;-27.59;
2026.08.12 15:43:01;Buy;0.01;XAUUSD;4 434.48;4 249.74;4 447.91;2026.08.12 19:47:17;4 406.66;-0.18;;-27.82;
2026.08.10 04:45:00;Sell Stop;0.01;XAUUSD;4 021.25;4 057.93;3 997.61;2026.08.12 16:45:00;4 416.98;;;;cancelled
2026.08.11 17:10:00;Sell Stop;0.01;XAUUSD;4 021.51;4 204.18;4 007.04;2026.08.12 13:10:00;4 418.10;;;;cancelled
2026.08.10 21:10:00;Sell Stop;0.01;XAUUSD;4 021.45;4 199.82;4 007.32;2026.08.11 17:10:00;4 384.77;;;;cancelled
2026.08.10 01:05:01;Sell Stop;0.01;XAUUSD;3 945.63;4 074.90;3 914.90;2026.08.11 12:15:00;4 372.53;;;;cancelled
2026.08.10 01:05:01;Sell Stop;0.01;XAUUSD;4 020.68;4 107.08;4 006.01;2026.08.11 07:15:00;4 414.12;;;;cancelled
2026.08.10 21:31:22;Buy;0.01;XAUUSD;4 371.04;4 385.57;4 394.52;2026.08.10 22:35:42;4 385.28;-0.17;;14.24;[sl]
2026.08.10 21:31:21;Buy;0.01;XAUUSD;4 369.91;4 371.32;4 383.96;2026.08.10 22:21:01;4 384.22;-0.17;;14.31;[tp]
2026.08.10 21:31:21;Buy;0.01;XAUUSD;4 370.15;4 374.79;4 384.57;2026.08.10 21:45:54;4 374.60;-0.17;;4.45;[sl]
2026.08.10 01:05:01;Sell Stop;0.01;XAUUSD;4 021.45;4 199.82;4 007.32;2026.08.10 21:10:00;4 363.72;;;;cancelled
2026.08.07 16:30:03;Sell Stop;0.01;XAUUSD;4 021.26;4 058.01;3 997.57;2026.08.10 04:45:00;4 317.33;;;;cancelled
2026.08.07 16:30:02;Sell Stop;0.01;XAUUSD;4 020.69;4 107.27;4 005.99;2026.08.10 01:05:01;4 339.16;;;;cancelled
2026.08.07 16:30:02;Sell Stop;0.01;XAUUSD;4 021.46;4 200.20;4 007.30;2026.08.10 01:05:01;4 339.31;;;;cancelled
2026.08.07 16:30:01;Sell Stop;0.01;XAUUSD;3 945.64;4 075.18;3 914.85;2026.08.10 01:05:00;4 339.31;;;;cancelled
2026.08.07 11:33:51;Buy;0.01;XAUUSD;4 302.47;4 306.06;4 316.97;2026.08.07 11:36:15;4 306.03;-0.17;;3.56;[sl]
2026.08.07 11:33:52;Buy;0.01;XAUUSD;4 307.59;4 308.08;4 326.94;2026.08.07 11:35:57;4 308.20;-0.17;;0.61;[sl]
2026.08.07 11:33:51;Buy;0.01;XAUUSD;4 302.47;4 303.89;4 316.35;2026.08.07 11:35:11;4 316.57;-0.17;;14.10;[tp]
2026.08.06 10:53:35;Balance;;;;;;;;;;-293.00;
2026.08.05 08:46:53;Buy;0.01;XAUUSD;4 166.31;4 222.24;4 290.76;2026.08.06 03:35:38;4 290.98;-0.17;-1.80;124.67;[tp]
2026.08.05 05:37:54;Buy;0.01;XAUUSD;4 120.62;4 172.39;4 244.70;2026.08.05 17:49:03;4 244.81;-0.16;;124.19;[tp]
2026.08.05 08:46:52;Buy;0.02;XAUUSD;4 163.36;4 163.55;4 230.26;2026.08.05 09:21:52;4 163.26;-0.33;;-0.20;[sl]
2026.08.05 05:37:54;Buy;0.01;XAUUSD;4 120.62;4 127.84;4 141.98;2026.08.05 06:01:03;4 127.32;-0.16;;6.70;[sl]
2026.08.05 05:37:53;Buy;0.01;XAUUSD;4 118.31;4 123.46;4 132.29;2026.08.05 05:55:28;4 132.35;-0.16;;14.04;[tp]
2026.08.05 05:37:53;Buy;0.01;XAUUSD;4 118.31;4 119.66;4 131.69;2026.08.05 05:54:38;4 131.74;-0.16;;13.43;[tp]
2026.07.29 02:00:00;Sell Stop;0.01;XAUUSD;3 961.76;3 982.16;3 836.80;2026.08.05 02:00:00;4 076.54;;;;cancelled
2026.08.03 21:10:00;Sell Stop;0.01;XAUUSD;3 998.20;4 170.92;3 984.52;2026.08.04 17:10:00;4 089.93;;;;cancelled
2026.08.03 21:10:00;Buy Stop;0.01;XAUUSD;4 118.07;3 945.35;4 131.75;2026.08.04 17:10:00;4 090.03;;;;cancelled
2026.08.03 01:05:01;Sell Stop;0.01;XAUUSD;3 945.52;4 070.70;3 915.77;2026.08.04 12:15:00;4 050.66;;;;cancelled
2026.08.03 01:05:02;Sell Stop;0.01;XAUUSD;3 997.46;4 081.12;3 983.25;2026.08.04 07:15:00;4 057.15;;;;cancelled
2026.08.03 01:05:02;Buy Stop;0.01;XAUUSD;4 118.15;4 034.49;4 132.36;2026.08.04 07:15:00;4 057.22;;;;cancelled
2026.08.03 16:38:09;Sell;0.01;XAUUSD;4 021.83;4 105.49;4 051.12;2026.08.03 23:00:11;4 051.11;-0.16;;-29.28;[tp]
2026.08.03 01:05:01;Sell Stop;0.01;XAUUSD;3 998.20;4 170.92;3 984.52;2026.08.03 21:10:00;4 036.46;;;;cancelled
2026.08.03 01:05:01;Buy Stop;0.01;XAUUSD;4 118.07;3 945.35;4 131.75;2026.08.03 21:10:00;4 036.85;;;;cancelled
2026.07.31 18:00:00;Buy Stop;0.01;XAUUSD;4 119.10;4 083.90;4 141.78;2026.08.03 06:00:00;4 062.19;;;;cancelled
2026.07.31 20:00:00;Sell Stop;0.01;XAUUSD;3 997.44;4 080.34;3 983.36;2026.08.03 01:05:02;4 075.78;;;;cancelled
2026.07.31 14:00:00;Buy Stop;0.01;XAUUSD;4 118.16;4 035.26;4 132.24;2026.08.03 01:05:02;4 076.37;;;;cancelled
2026.07.30 18:00:00;Sell Stop;0.01;XAUUSD;3 997.97;4 032.82;3 975.51;2026.08.03 01:05:02;4 075.72;;;;cancelled
2026.07.29 22:15:01;Buy Stop;0.01;XAUUSD;4 165.16;4 129.85;4 187.92;2026.08.03 01:05:02;4 076.36;;;;cancelled
2026.07.31 15:00:00;Sell Stop;0.01;XAUUSD;3 998.18;4 169.33;3 984.62;2026.08.03 01:05:01;4 075.11;;;;cancelled
2026.07.31 10:15:00;Sell Stop;0.01;XAUUSD;3 945.49;4 069.53;3 916.00;2026.08.03 01:05:01;4 075.86;;;;cancelled
2026.07.31 19:00:00;Buy Stop;0.01;XAUUSD;4 118.09;3 946.94;4 131.65;2026.08.03 01:05:00;4 076.41;;;;cancelled
2026.07.24 06:00:00;Buy Stop;0.01;XAUUSD;4 165.07;4 144.42;4 291.52;2026.08.03 01:05:00;4 076.16;;;;cancelled
2026.07.30 14:00:00;Sell Stop;0.01;XAUUSD;3 997.42;4 079.52;3 983.48;2026.07.31 20:00:00;4 043.35;;;;cancelled
2026.07.30 19:00:00;Sell Stop;0.01;XAUUSD;3 998.15;4 167.63;3 984.73;2026.07.31 15:00:00;4 053.89;;;;cancelled
2026.07.30 18:05:00;Buy Stop;0.01;XAUUSD;4 164.17;3 994.69;4 177.59;2026.07.31 14:05:00;4 055.65;;;;cancelled
2026.07.23 13:00:00;Buy Stop;0.01;XAUUSD;4 202.32;4 181.92;4 327.24;2026.07.31 13:00:00;4 055.30;;;;cancelled
2026.07.29 23:15:00;Sell Stop;0.01;XAUUSD;3 945.50;4 069.95;3 915.92;2026.07.31 10:15:00;4 077.57;;;;cancelled
2026.07.29 22:05:00;Buy Stop;0.01;XAUUSD;4 164.14;3 992.43;4 177.74;2026.07.30 18:05:00;4 097.45;;;;cancelled
2026.07.28 12:15:00;Sell Stop;0.01;XAUUSD;3 945.51;4 070.30;3 915.85;2026.07.29 23:15:00;4 052.07;;;;cancelled
2026.07.29 22:01:49;Buy;0.01;XAUUSD;4 114.74;4 031.50;4 128.52;2026.07.29 22:15:01;4 098.81;-0.16;;-15.93;
2026.07.29 22:01:51;Buy;0.01;XAUUSD;4 115.11;4 079.93;4 138.16;2026.07.29 22:15:01;4 097.52;-0.16;;-17.59;
2026.07.29 22:01:49;Buy;0.01;XAUUSD;4 114.74;3 942.97;4 127.92;2026.07.29 22:15:00;4 099.97;-0.16;;-14.77;
2026.07.29 01:05:00;Buy Stop;0.01;XAUUSD;4 114.32;3 942.61;4 127.92;2026.07.29 21:05:00;4 067.01;;;;cancelled
2026.07.27 01:05:03;Sell Stop;0.01;XAUUSD;3 961.47;3 996.50;3 938.90;2026.07.29 13:15:00;4 031.95;;;;cancelled
2026.07.27 01:05:03;Buy Stop;0.01;XAUUSD;4 165.17;4 130.14;4 187.74;2026.07.29 13:15:00;4 032.01;;;;cancelled
2026.07.27 23:00:00;Buy Stop;0.01;XAUUSD;4 114.41;4 031.90;4 128.42;2026.07.29 05:00:00;4 026.24;;;;cancelled
2026.07.21 02:00:00;Sell Stop;0.01;XAUUSD;3 961.71;3 981.75;3 838.98;2026.07.29 02:00:00;4 018.34;;;;cancelled
2026.07.28 05:00:00;Buy Stop;0.01;XAUUSD;4 114.32;3 942.14;4 127.96;2026.07.29 01:05:00;4 026.97;;;;cancelled
2026.07.28 12:57:42;Sell;0.01;XAUUSD;4 024.43;4 044.83;3 900.63;2026.07.28 18:46:57;4 044.82;-0.16;;-20.39;[sl]
2026.07.27 21:10:00;Buy Stop;0.01;XAUUSD;4 164.16;3 993.82;4 177.65;2026.07.28 17:10:00;4 030.34;;;;cancelled
2026.07.28 12:57:42;Sell;0.01;XAUUSD;4 024.30;4 023.83;4 001.75;2026.07.28 13:32:50;4 023.81;-0.16;;0.49;[sl]
2026.07.28 12:57:42;Sell;0.01;XAUUSD;4 024.43;4 023.07;4 010.89;2026.07.28 13:32:48;4 023.08;-0.16;;1.35;[sl]
2026.07.28 12:57:44;Sell;0.01;XAUUSD;4 023.78;4 022.52;4 009.63;2026.07.28 13:32:47;4 022.64;-0.16;;1.14;[sl]
2026.07.27 01:05:02;Sell Stop;0.01;XAUUSD;3 945.48;4 068.94;3 916.13;2026.07.28 12:15:00;4 041.04;;;;cancelled
2026.07.27 05:00:00;Sell Stop;0.01;XAUUSD;4 023.77;4 106.28;4 009.76;2026.07.28 11:00:00;4 047.12;;;;cancelled
2026.07.27 01:05:02;Buy Stop;0.01;XAUUSD;4 164.23;4 081.72;4 178.24;2026.07.28 07:15:00;4 044.11;;;;cancelled
2026.07.27 10:00:00;Sell Stop;0.01;XAUUSD;4 024.51;4 194.85;4 011.02;2026.07.28 06:00:00;4 042.06;;;;cancelled
2026.07.27 01:05:01;Sell Stop;0.01;XAUUSD;3 961.66;4 132.00;3 948.17;2026.07.27 21:10:00;4 078.72;;;;cancelled
2026.07.27 01:05:01;Buy Stop;0.01;XAUUSD;4 164.16;3 993.82;4 177.65;2026.07.27 21:10:00;4 078.78;;;;cancelled
2026.07.23 19:00:00;Buy Stop;0.01;XAUUSD;4 165.16;4 129.86;4 187.91;2026.07.27 01:05:03;4 090.46;;;;cancelled
2026.07.23 05:00:01;Sell Stop;0.01;XAUUSD;3 961.48;3 996.78;3 938.73;2026.07.27 01:05:03;4 089.94;;;;cancelled
2026.07.24 21:00:00;Buy Stop;0.01;XAUUSD;4 164.19;4 080.02;4 178.48;2026.07.27 01:05:02;4 090.05;;;;cancelled
2026.07.24 10:15:00;Sell Stop;0.01;XAUUSD;3 945.54;4 071.48;3 915.60;2026.07.27 01:05:02;4 089.58;;;;cancelled
2026.07.24 07:15:00;Sell Stop;0.01;XAUUSD;3 960.96;4 045.13;3 946.67;2026.07.27 01:05:02;4 089.51;;;;cancelled
2026.07.24 22:00:00;Sell Stop;0.01;XAUUSD;3 961.70;4 135.47;3 947.94;2026.07.27 01:05:01;4 089.39;;;;cancelled
2026.07.24 16:00:01;Buy Stop;0.01;XAUUSD;4 164.12;3 990.35;4 177.88;2026.07.27 01:05:01;4 090.71;;;;cancelled
2026.07.09 01:05:00;Buy Stop;0.02;XAUUSD;4 200.68;4 186.35;4 268.26;2026.07.27 01:05:00;4 090.61;;;;cancelled
2026.07.06 01:05:00;Sell Stop;0.02;XAUUSD;3 943.68;3 964.31;3 859.11;2026.07.27 01:05:00;4 089.15;;;;cancelled
2026.07.24 02:00:00;Sell Stop;0.01;XAUUSD;3 961.70;4 135.47;3 947.94;2026.07.24 22:00:00;4 054.52;;;;cancelled
2026.07.23 15:00:00;Buy Stop;0.01;XAUUSD;4 164.22;4 081.07;4 178.34;2026.07.24 21:00:00;4 063.67;;;;cancelled
2026.07.23 20:00:00;Buy Stop;0.01;XAUUSD;4 164.15;3 992.48;4 177.75;2026.07.24 16:00:00;4 056.26;;;;cancelled
2026.07.22 23:15:00;Sell Stop;0.01;XAUUSD;3 945.45;4 067.72;3 916.39;2026.07.24 10:15:00;4 046.06;;;;cancelled
2026.07.23 01:05:00;Sell Stop;0.01;XAUUSD;3 960.94;4 044.09;3 946.82;2026.07.24 07:15:00;4 028.20;;;;cancelled
2026.07.23 06:00:00;Sell Stop;0.01;XAUUSD;3 961.67;4 133.34;3 948.07;2026.07.24 02:00:00;4 049.63;;;;cancelled
2026.07.15 13:00:00;Buy Stop;0.01;XAUUSD;4 202.34;4 182.34;4 324.85;2026.07.23 13:00:00;4 090.00;;;;cancelled
2026.07.22 10:00:00;Sell Stop;0.01;XAUUSD;3 961.63;4 130.34;3 948.27;2026.07.23 06:00:00;4 128.41;;;;cancelled
2026.07.20 17:00:00;Sell Stop;0.01;XAUUSD;3 961.43;3 995.83;3 939.26;2026.07.23 05:00:00;4 117.88;;;;cancelled
2026.07.21 19:00:00;Sell Stop;0.01;XAUUSD;3 960.91;4 042.60;3 947.04;2026.07.23 01:05:00;4 119.46;;;;cancelled
2026.07.21 12:15:00;Sell Stop;0.01;XAUUSD;3 945.45;4 067.68;3 916.40;2026.07.22 23:15:00;4 134.53;;;;cancelled
2026.07.02 16:30:01;Buy Stop;0.01;XAUUSD;4 887.58;4 867.53;4 969.79;2026.07.22 17:00:00;4 154.64;;;;cancelled
2026.07.21 14:00:00;Sell Stop;0.01;XAUUSD;3 961.63;4 130.28;3 948.27;2026.07.22 10:00:00;4 117.39;;;;cancelled
2026.07.22 04:00:06;Buy;0.01;XAUUSD;4 102.69;4 114.15;4 124.57;2026.07.22 04:17:15;4 113.97;-0.16;;11.28;[sl]
2026.07.22 04:00:05;Buy;0.01;XAUUSD;4 101.29;4 102.63;4 114.58;2026.07.22 04:06:11;4 114.67;-0.16;;13.38;[tp]
2026.07.22 03:30:14;Buy;0.01;XAUUSD;4 103.59;4 067.54;4 124.57;2026.07.22 03:31:01;4 094.74;-0.16;;-8.85;
2026.07.22 03:30:14;Buy;0.01;XAUUSD;4 102.05;3 932.57;4 114.58;2026.07.22 03:31:00;4 096.66;-0.16;;-5.39;
2026.07.22 03:30:14;Buy;0.01;XAUUSD;4 102.05;4 019.60;4 115.16;2026.07.22 03:31:00;4 095.76;-0.16;;-6.29;
2026.07.21 01:05:00;Sell Stop;0.02;XAUUSD;3 944.64;3 958.67;3 878.52;2026.07.22 01:05:01;4 078.73;;;;cancelled
2026.07.20 13:00:00;Sell Stop;0.01;XAUUSD;3 960.89;4 041.92;3 947.13;2026.07.21 19:00:00;4 074.22;;;;cancelled
2026.07.13 18:00:00;Sell Stop;0.01;XAUUSD;3 944.82;3 965.44;3 818.52;2026.07.21 18:00:00;4 068.61;;;;cancelled
2026.07.20 21:05:00;Buy Stop;0.01;XAUUSD;4 101.24;3 933.96;4 114.49;2026.07.21 17:05:00;4 056.66;;;;cancelled
2026.07.21 09:48:06;Buy;0.01;XAUUSD;4 080.86;4 046.18;4 102.98;2026.07.21 16:43:59;4 046.08;-0.16;;-34.78;[sl]
2026.07.20 18:00:00;Sell Stop;0.01;XAUUSD;3 961.61;4 128.89;3 948.36;2026.07.21 14:00:00;4 063.10;;;;cancelled
2026.07.20 01:05:00;Sell Stop;0.01;XAUUSD;3 945.42;4 066.66;3 916.60;2026.07.21 12:15:00;4 065.27;;;;cancelled
2026.07.21 09:42:06;Buy;0.01;XAUUSD;4 080.69;4 046.23;4 102.80;2026.07.21 09:43:00;4 077.70;-0.16;;-2.99;
2026.07.20 01:05:01;Buy Stop;0.01;XAUUSD;4 101.31;4 020.28;4 115.07;2026.07.21 07:15:00;4 046.08;;;;cancelled
2026.07.03 01:05:00;Sell Stop;0.01;XAUUSD;3 944.66;3 958.77;3 878.14;2026.07.21 01:05:00;4 008.15;;;;cancelled
2026.07.20 01:05:00;Buy Stop;0.01;XAUUSD;4 101.24;3 933.96;4 114.49;2026.07.20 21:05:00;4 007.57;;;;cancelled
2026.07.16 22:00:00;Buy Stop;0.01;XAUUSD;4 080.61;4 045.54;4 103.21;2026.07.20 01:05:01;3 998.10;;;;cancelled
2026.07.16 18:00:00;Buy Stop;0.01;XAUUSD;4 101.27;4 018.67;4 115.30;2026.07.20 01:05:01;3 997.98;;;;cancelled
2026.07.15 16:00:00;Buy Stop;0.01;XAUUSD;4 102.22;4 067.60;4 124.53;2026.07.20 01:05:01;3 998.14;;;;cancelled
2026.07.17 10:15:00;Sell Stop;0.01;XAUUSD;3 945.49;4 069.36;3 916.05;2026.07.20 01:05:00;3 995.60;;;;cancelled
2026.07.17 09:00:00;Buy Stop;0.01;XAUUSD;4 101.19;3 930.27;4 114.73;2026.07.20 01:05:00;3 996.79;;;;cancelled
2026.07.15 23:15:00;Sell Stop;0.01;XAUUSD;3 945.44;4 067.45;3 916.44;2026.07.17 10:15:00;3 996.43;;;;cancelled
2026.07.16 13:00:00;Buy Stop;0.01;XAUUSD;4 101.20;3 930.67;4 114.71;2026.07.17 09:00:00;3 985.65;;;;cancelled
2026.07.15 12:00:00;Buy Stop;0.01;XAUUSD;4 101.29;4 019.75;4 115.14;2026.07.16 18:00:00;3 998.44;;;;cancelled
2026.07.16 16:02:38;Sell;0.01;XAUUSD;3 984.95;4 005.29;3 863.22;2026.07.16 16:15:00;3 993.13;-0.16;;-8.18;
2026.07.16 16:02:38;Sell;0.01;XAUUSD;3 984.95;3 984.48;3 963.15;2026.07.16 16:07:27;3 985.05;-0.16;;-0.10;[sl]
2026.07.16 16:02:38;Sell;0.01;XAUUSD;3 984.93;3 983.58;3 972.17;2026.07.16 16:05:54;3 983.58;-0.16;;1.35;[sl]
2026.07.16 16:02:38;Sell;0.01;XAUUSD;3 984.94;3 983.69;3 970.91;2026.07.16 16:03:25;3 983.85;-0.16;;1.09;[sl]
2026.07.15 17:00:00;Buy Stop;0.01;XAUUSD;4 101.22;3 932.87;4 114.55;2026.07.16 13:00:00;4 031.76;;;;cancelled
2026.07.15 13:10:00;Buy Stop;0.01;XAUUSD;4 136.34;3 967.99;4 149.67;2026.07.16 09:10:00;4 035.14;;;;cancelled
2026.07.14 23:00:00;Sell Stop;0.01;XAUUSD;3 984.96;4 068.51;3 970.77;2026.07.16 05:00:00;4 039.30;;;;cancelled
2026.07.15 05:00:00;Sell Stop;0.01;XAUUSD;3 985.65;4 154.00;3 972.32;2026.07.16 01:05:00;4 061.16;;;;cancelled
2026.07.14 12:15:00;Sell Stop;0.01;XAUUSD;3 945.52;4 070.52;3 915.81;2026.07.15 23:15:00;4 057.59;;;;cancelled
2026.07.13 09:15:00;Buy Stop;0.01;XAUUSD;4 137.31;4 101.62;4 160.31;2026.07.15 21:15:00;4 067.99;;;;cancelled
2026.07.14 07:15:00;Buy Stop;0.01;XAUUSD;4 136.37;4 052.82;4 150.56;2026.07.15 13:15:00;4 033.59;;;;cancelled
2026.07.14 17:10:00;Buy Stop;0.01;XAUUSD;4 136.30;3 963.82;4 149.96;2026.07.15 13:10:00;4 030.77;;;;cancelled
2026.07.07 13:00:00;Buy Stop;0.01;XAUUSD;4 202.30;4 181.42;4 330.16;2026.07.15 13:00:00;4 030.56;;;;cancelled
2026.07.13 21:10:00;Buy Stop;0.01;XAUUSD;4 136.28;3 962.72;4 150.03;2026.07.14 17:10:00;4 080.29;;;;cancelled
2026.07.13 01:05:01;Sell Stop;0.01;XAUUSD;3 945.54;4 071.33;3 915.64;2026.07.14 12:15:00;4 020.81;;;;cancelled
2026.07.13 01:05:02;Buy Stop;0.01;XAUUSD;4 136.36;4 052.29;4 150.64;2026.07.14 07:15:00;4 015.78;;;;cancelled
2026.07.13 01:05:01;Buy Stop;0.01;XAUUSD;4 136.28;3 962.72;4 150.03;2026.07.13 21:10:00;3 992.16;;;;cancelled
2026.07.13 17:16:45;Sell;0.01;XAUUSD;4 021.58;4 016.42;3 899.43;2026.07.13 18:00:10;4 016.62;-0.16;;4.96;[sl]
2026.07.13 17:16:45;Sell;0.01;XAUUSD;4 021.58;4 021.10;4 001.03;2026.07.13 17:19:04;4 021.48;-0.16;;0.10;[sl]
2026.07.13 17:16:45;Sell;0.01;XAUUSD;4 021.58;4 020.31;4 009.19;2026.07.13 17:17:34;4 008.99;-0.16;;12.59;[tp]
2026.07.13 17:16:45;Sell;0.01;XAUUSD;4 021.58;4 197.78;4 010.47;2026.07.13 17:16:52;4 010.09;-0.16;;11.49;[tp]
2026.07.10 21:00:01;Buy Stop;0.01;XAUUSD;4 137.32;4 102.04;4 160.06;2026.07.13 09:15:00;4 050.97;;;;cancelled
2026.07.08 13:15:00;Sell Stop;0.01;XAUUSD;3 962.12;3 998.17;3 938.89;2026.07.13 01:05:03;4 093.35;;;;cancelled
2026.07.10 17:00:00;Buy Stop;0.01;XAUUSD;4 136.38;4 053.28;4 150.49;2026.07.13 01:05:02;4 093.65;;;;cancelled
2026.07.09 19:00:00;Sell Stop;0.01;XAUUSD;4 024.01;4 059.45;4 001.17;2026.07.13 01:05:02;4 093.79;;;;cancelled
2026.07.09 19:00:00;Buy Stop;0.01;XAUUSD;4 178.60;4 095.11;4 192.78;2026.07.13 01:05:02;4 093.67;;;;cancelled
2026.07.08 17:00:00;Buy Stop;0.01;XAUUSD;4 179.53;4 143.48;4 202.76;2026.07.13 01:05:02;4 094.44;;;;cancelled
2026.07.10 21:00:00;Sell Stop;0.01;XAUUSD;4 023.45;4 106.55;4 009.34;2026.07.13 01:05:01;4 092.98;;;;cancelled
2026.07.10 10:15:00;Sell Stop;0.01;XAUUSD;3 945.50;4 069.84;3 915.94;2026.07.13 01:05:01;4 092.94;;;;cancelled
2026.07.10 10:00:00;Buy Stop;0.01;XAUUSD;4 178.54;4 006.97;4 192.13;2026.07.13 01:05:01;4 091.71;;;;cancelled
2026.07.10 22:00:00;Buy Stop;0.01;XAUUSD;4 136.31;3 964.74;4 149.90;2026.07.13 01:05:00;4 091.84;;;;cancelled
2026.07.10 16:00:00;Sell Stop;0.01;XAUUSD;4 024.19;4 195.76;4 010.60;2026.07.13 01:05:00;4 090.14;;;;cancelled
2026.07.09 15:00:00;Sell Stop;0.01;XAUUSD;4 023.46;4 106.95;4 009.28;2026.07.10 21:00:00;4 100.99;;;;cancelled
2026.07.02 16:30:01;Sell Stop;0.01;XAUUSD;3 944.75;3 964.80;3 821.94;2026.07.10 17:00:00;4 099.94;;;;cancelled
2026.07.02 16:30:01;Buy Stop;0.01;XAUUSD;4 381.25;4 361.20;4 504.06;2026.07.10 17:00:00;4 099.92;;;;cancelled
2026.07.09 20:00:00;Sell Stop;0.01;XAUUSD;4 024.20;4 196.56;4 010.55;2026.07.10 16:00:00;4 101.05;;;;cancelled
2026.07.08 23:15:00;Sell Stop;0.01;XAUUSD;3 945.57;4 072.61;3 915.37;2026.07.10 10:15:00;4 111.72;;;;cancelled
2026.07.09 14:00:00;Buy Stop;0.01;XAUUSD;4 178.53;4 006.17;4 192.18;2026.07.10 10:00:00;4 112.13;;;;cancelled
2026.07.09 09:05:00;Sell Stop;0.01;XAUUSD;3 962.27;4 134.63;3 948.62;2026.07.10 05:05:00;4 118.16;;;;cancelled
2026.07.08 13:00:00;Buy Stop;0.01;XAUUSD;4 178.57;4 093.66;4 192.99;2026.07.09 19:00:00;4 127.12;;;;cancelled
2026.07.07 05:00:00;Buy Stop;0.01;XAUUSD;4 202.38;4 166.25;4 225.66;2026.07.09 17:00:00;4 121.85;;;;cancelled
2026.07.08 18:00:00;Buy Stop;0.01;XAUUSD;4 178.49;4 003.20;4 192.37;2026.07.09 14:00:00;4 099.39;;;;cancelled
2026.07.08 07:15:01;Buy Stop;0.01;XAUUSD;4 201.42;4 116.51;4 215.84;2026.07.09 13:30:00;4 103.97;;;;cancelled
2026.07.08 13:05:00;Sell Stop;0.01;XAUUSD;3 962.32;4 137.61;3 948.44;2026.07.09 09:05:00;4 093.34;;;;cancelled
2026.07.02 16:30:02;Buy Stop;0.01;XAUUSD;4 379.64;4 365.60;4 445.81;2026.07.09 01:05:00;4 074.37;;;;cancelled
2026.07.07 12:15:00;Sell Stop;0.01;XAUUSD;3 945.58;4 072.92;3 915.31;2026.07.08 23:15:00;4 079.14;;;;cancelled
2026.07.08 02:00:00;Buy Stop;0.01;XAUUSD;4 201.34;4 026.05;4 215.22;2026.07.08 22:00:00;4 084.90;;;;cancelled
2026.07.06 01:05:01;Sell Stop;0.01;XAUUSD;3 962.10;3 997.80;3 939.09;2026.07.08 13:15:00;4 044.31;;;;cancelled
2026.07.07 17:05:00;Sell Stop;0.01;XAUUSD;3 962.32;4 138.02;3 948.40;2026.07.08 13:05:00;4 047.33;;;;cancelled
2026.07.07 01:05:01;Buy Stop;0.01;XAUUSD;4 201.41;4 116.30;4 215.86;2026.07.08 07:15:00;4 124.45;;;;cancelled
2026.07.07 06:00:00;Buy Stop;0.01;XAUUSD;4 201.34;4 025.64;4 215.26;2026.07.08 02:00:00;4 098.40;;;;cancelled
2026.07.06 21:05:00;Sell Stop;0.01;XAUUSD;3 962.29;4 135.90;3 948.54;2026.07.07 17:05:00;4 154.73;;;;cancelled
2026.07.06 01:05:01;Sell Stop;0.01;XAUUSD;3 945.54;4 071.36;3 915.63;2026.07.07 12:15:00;4 127.64;;;;cancelled
2026.07.06 01:05:01;Sell Stop;0.01;XAUUSD;3 943.99;4 028.08;3 929.71;2026.07.07 07:15:00;4 136.45;;;;cancelled
2026.07.06 01:05:00;Sell Stop;0.01;XAUUSD;3 962.29;4 135.90;3 948.54;2026.07.06 21:05:00;4 157.61;;;;cancelled
2026.07.02 16:30:02;Sell Stop;0.01;XAUUSD;3 962.04;3 996.74;3 939.68;2026.07.06 01:05:01;4 180.43;;;;cancelled
2026.07.02 16:30:02;Sell Stop;0.01;XAUUSD;3 943.94;4 025.68;3 930.06;2026.07.06 01:05:01;4 180.45;;;;cancelled
2026.07.02 16:30:02;Sell Stop;0.01;XAUUSD;3 888.07;3 908.12;3 805.86;2026.07.06 01:05:01;4 180.45;;;;cancelled
2026.07.03 12:35:00;Sell Stop;0.01;XAUUSD;3 962.24;4 131.89;3 948.80;2026.07.06 01:05:00;4 180.45;;;;cancelled
2026.07.02 16:30:02;Sell Stop;0.01;XAUUSD;3 962.22;4 130.98;3 948.85;2026.07.03 12:35:00;4 170.04;;;;cancelled
2026.07.02 11:00:00;Sell Stop;0.01;XAUUSD;3 962.04;3 996.74;3 939.68;2026.07.02 13:50:01;4 061.98;;;;cancelled
2026.07.01 20:00:01;Sell Stop;0.01;XAUUSD;3 944.48;3 979.24;3 922.08;2026.07.02 13:50:01;4 061.92;;;;cancelled
2026.07.01 20:00:01;Sell Stop;0.01;XAUUSD;3 943.94;4 025.83;3 930.03;2026.07.02 13:50:01;4 061.98;;;;cancelled
2026.07.01 20:00:01;Sell Stop;0.01;XAUUSD;3 944.67;4 113.72;3 931.28;2026.07.02 13:50:01;4 061.88;;;;cancelled
2026.07.02 12:00:00;Sell Stop;0.01;XAUUSD;3 962.22;4 130.98;3 948.85;2026.07.02 13:50:00;4 061.85;;;;cancelled
2026.07.01 20:00:00;Buy Stop;0.01;XAUUSD;4 379.64;4 365.58;4 445.92;2026.07.02 13:50:00;4 062.14;;;;cancelled
2026.07.01 20:00:00;Sell Stop;0.01;XAUUSD;3 888.08;3 908.17;3 805.73;2026.07.02 13:50:00;4 061.83;;;;cancelled
2026.07.01 20:00:00;Buy Stop;0.01;XAUUSD;4 887.58;4 867.49;4 969.93;2026.07.02 13:50:00;4 062.16;;;;cancelled
2026.07.01 20:00:00;Sell Stop;0.01;XAUUSD;3 944.75;3 964.84;3 821.73;2026.07.02 13:50:00;4 061.83;;;;cancelled
2026.07.01 20:00:00;Buy Stop;0.01;XAUUSD;4 381.25;4 361.16;4 504.27;2026.07.02 13:50:00;4 061.97;;;;cancelled
2026.07.01 14:00:00;Sell Stop;0.01;XAUUSD;3 944.75;3 964.84;3 821.73;2026.07.01 19:58:36;4 072.83;;;;cancelled
2026.07.01 06:00:00;Sell Stop;0.01;XAUUSD;3 944.67;4 113.72;3 931.28;2026.07.01 19:58:35;4 072.83;;;;cancelled
2026.07.01 05:00:00;Sell Stop;0.01;XAUUSD;3 944.48;3 979.24;3 922.08;2026.07.01 19:58:35;4 072.47;;;;cancelled
2026.07.01 01:05:00;Sell Stop;0.01;XAUUSD;3 943.94;4 025.83;3 930.03;2026.07.01 19:58:34;4 072.39;;;;cancelled
2026.06.30 05:00:00;Sell Stop;0.01;XAUUSD;3 888.10;3 908.53;3 804.32;2026.07.01 19:58:33;4 072.50;;;;cancelled
2026.06.29 01:05:00;Buy Stop;0.01;XAUUSD;4 381.24;4 361.10;4 504.63;2026.07.01 19:58:33;4 072.72;;;;cancelled
2026.06.22 01:05:01;Buy Stop;0.01;XAUUSD;4 379.51;4 364.78;4 448.97;2026.07.01 19:58:31;4 072.45;;;;cancelled
2026.06.22 01:05:00;Buy Stop;0.01;XAUUSD;4 887.41;4 866.36;4 973.71;2026.07.01 19:58:30;4 072.35;;;;cancelled
2026.07.01 16:44:51;Buy;0.01;XAUUSD;4 098.09;4 103.11;4 220.34;2026.07.01 17:41:23;4 103.13;-0.16;;5.04;[sl]
2026.07.01 16:44:51;Buy;0.01;XAUUSD;4 098.09;4 098.55;4 117.74;2026.07.01 16:46:28;4 098.74;-0.16;;0.65;[sl]
2026.07.01 16:44:49;Buy;0.01;XAUUSD;4 094.75;4 099.51;4 108.46;2026.07.01 16:46:27;4 099.36;-0.16;;4.61;[sl]
2026.07.01 16:44:49;Buy;0.01;XAUUSD;4 094.75;3 925.23;4 107.67;2026.07.01 16:45:46;4 107.88;-0.16;;13.13;[tp]
2026.06.30 16:00:00;Buy Stop;0.01;XAUUSD;4 094.24;3 922.25;4 107.86;2026.07.01 12:00:00;3 974.77;;;;cancelled
2026.06.29 15:00:00;Buy Stop;0.01;XAUUSD;4 094.34;4 012.21;4 108.29;2026.06.30 21:00:00;4 030.92;;;;cancelled
2026.06.29 20:00:00;Buy Stop;0.01;XAUUSD;4 094.27;3 924.72;4 107.70;2026.06.30 16:00:00;4 009.90;;;;cancelled
2026.06.30 04:07:11;Sell;0.01;XAUUSD;3 960.93;4 085.63;3 982.04;2026.06.30 08:19:37;3 982.01;-0.16;;-21.08;[tp]
2026.06.30 04:07:11;Sell;0.01;XAUUSD;3 961.66;3 981.45;3 838.82;2026.06.30 07:29:34;3 981.54;-0.16;;-19.88;[sl]
2026.06.30 04:07:11;Sell;0.01;XAUUSD;3 960.93;3 957.04;3 894.87;2026.06.30 04:08:30;3 956.85;-0.16;;4.08;[sl]
2026.06.30 04:07:11;Sell;0.01;XAUUSD;3 957.47;3 955.43;3 876.58;2026.06.30 04:08:29;3 955.79;-0.16;;1.68;[sl]
2026.06.30 04:07:11;Sell;0.01;XAUUSD;3 960.93;3 953.89;3 938.71;2026.06.30 04:08:28;3 954.17;-0.16;;6.76;[sl]
2026.06.30 04:07:11;Sell;0.01;XAUUSD;3 957.47;4 042.76;3 946.68;2026.06.30 04:07:37;3 946.63;-0.16;;10.84;[tp]
2026.06.30 04:07:11;Sell;0.01;XAUUSD;3 960.93;4 130.91;3 947.93;2026.06.30 04:07:36;3 947.64;-0.16;;13.29;[tp]
2026.06.24 16:00:00;Sell Stop;0.01;XAUUSD;3 888.14;3 909.10;3 802.20;2026.06.30 01:05:00;4 018.63;;;;cancelled
2026.06.29 01:05:01;Sell Stop;0.01;XAUUSD;3 961.36;4 130.91;3 947.93;2026.06.29 21:10:00;4 022.54;;;;cancelled
2026.06.24 13:15:01;Buy Stop;0.01;XAUUSD;4 381.28;4 345.00;4 404.66;2026.06.29 01:05:02;4 076.55;;;;cancelled
2026.06.26 10:15:00;Buy Stop;0.01;XAUUSD;5 591.93;5 469.82;5 620.96;2026.06.29 01:05:01;4 076.21;;;;cancelled
2026.06.25 22:00:00;Sell Stop;0.01;XAUUSD;3 961.22;3 996.81;3 938.29;2026.06.29 01:05:01;4 076.33;;;;cancelled
2026.06.25 18:00:00;Sell Stop;0.01;XAUUSD;3 960.67;4 044.50;3 946.44;2026.06.29 01:05:01;4 075.73;;;;cancelled
2026.06.26 19:00:00;Sell Stop;0.01;XAUUSD;3 961.35;4 129.83;3 948.01;2026.06.29 01:05:00;4 075.63;;;;cancelled
2026.06.19 06:00:00;Buy Stop;0.01;XAUUSD;4 381.19;4 359.91;4 511.52;2026.06.29 01:05:00;4 076.15;;;;cancelled
2026.06.25 23:00:00;Sell Stop;0.01;XAUUSD;3 961.41;4 134.47;3 947.70;2026.06.26 19:00:00;4 090.71;;;;cancelled
2026.06.24 23:15:00;Buy Stop;0.01;XAUUSD;5 591.67;5 463.80;5 622.06;2026.06.26 10:15:00;4 027.60;;;;cancelled
2026.06.18 06:00:00;Buy Stop;0.01;XAUUSD;4 593.81;4 572.15;4 726.47;2026.06.26 06:00:00;3 991.00;;;;cancelled
2026.06.25 09:10:00;Buy Stop;0.01;XAUUSD;4 380.28;4 207.22;4 393.99;2026.06.26 05:10:00;4 016.95;;;;cancelled
2026.06.24 13:15:00;Buy Stop;0.01;XAUUSD;4 380.32;4 294.86;4 394.83;2026.06.25 19:15:00;4 037.55;;;;cancelled
2026.06.24 13:10:00;Buy Stop;0.01;XAUUSD;4 380.24;4 203.81;4 394.21;2026.06.25 09:10:00;3 985.76;;;;cancelled
2026.06.23 12:15:00;Buy Stop;0.01;XAUUSD;5 591.73;5 465.38;5 621.77;2026.06.24 23:15:00;3 995.37;;;;cancelled
2026.06.24 15:25:03;Sell;0.01;XAUUSD;4 023.03;4 005.38;3 897.51;2026.06.24 16:39:43;4 005.28;-0.16;;17.75;[sl]
2026.06.24 15:25:03;Sell;0.01;XAUUSD;4 023.03;4 020.51;3 997.07;2026.06.24 15:56:36;3 996.82;-0.16;;26.21;[tp]
2026.06.24 15:25:03;Sell;0.01;XAUUSD;4 023.03;4 020.93;3 936.97;2026.06.24 15:28:40;4 020.94;-0.16;;2.09;[sl]
2026.06.24 15:25:03;Sell;0.01;XAUUSD;4 023.03;4 020.73;3 955.95;2026.06.24 15:28:40;4 020.69;-0.16;;2.34;[sl]
2026.06.22 01:05:03;Buy Stop;0.01;XAUUSD;4 381.28;4 344.85;4 404.76;2026.06.24 13:15:01;4 060.72;;;;cancelled
2026.06.23 07:15:00;Buy Stop;0.01;XAUUSD;4 380.34;4 295.89;4 394.68;2026.06.24 13:15:00;4 060.87;;;;cancelled
2026.06.23 17:10:00;Buy Stop;0.01;XAUUSD;4 380.26;4 205.92;4 394.07;2026.06.24 13:10:00;4 060.11;;;;cancelled
2026.06.22 21:10:00;Buy Stop;0.01;XAUUSD;4 380.23;4 203.07;4 394.26;2026.06.23 17:10:00;4 141.79;;;;cancelled
2026.06.23 07:59:06;Sell;0.01;XAUUSD;4 123.43;4 118.25;3 995.41;2026.06.23 12:35:05;4 118.28;-0.16;;5.15;[sl]
2026.06.22 01:05:02;Sell Stop;0.01;XAUUSD;4 027.17;4 155.57;3 996.65;2026.06.23 12:15:00;4 111.34;;;;cancelled
2026.06.22 01:05:02;Buy Stop;0.01;XAUUSD;5 591.64;5 463.24;5 622.16;2026.06.23 12:15:00;4 111.42;;;;cancelled
2026.06.23 07:59:06;Sell;0.01;XAUUSD;4 123.42;4 122.94;4 100.57;2026.06.23 09:12:48;4 123.05;-0.16;;0.37;[sl]
2026.06.23 07:59:06;Sell;0.01;XAUUSD;4 123.43;4 122.05;4 110.21;2026.06.23 09:12:47;4 122.37;-0.16;;1.06;[sl]
2026.06.23 07:59:06;Sell;0.01;XAUUSD;4 123.42;4 122.15;4 108.91;2026.06.23 08:01:06;4 122.21;-0.16;;1.21;[sl]
2026.06.22 01:05:02;Buy Stop;0.01;XAUUSD;4 380.31;4 294.50;4 394.88;2026.06.23 07:15:00;4 143.37;;;;cancelled
2026.06.22 01:05:01;Buy Stop;0.01;XAUUSD;4 380.23;4 203.07;4 394.26;2026.06.22 21:10:00;4 184.48;;;;cancelled
2026.06.18 21:00:00;Buy Stop;0.01;XAUUSD;4 381.25;4 343.77;4 405.41;2026.06.22 01:05:03;4 158.30;;;;cancelled
2026.06.17 13:15:00;Sell Stop;0.01;XAUUSD;4 026.20;4 063.49;4 002.17;2026.06.22 01:05:03;4 157.82;;;;cancelled
2026.06.18 17:00:00;Buy Stop;0.01;XAUUSD;4 380.25;4 291.95;4 395.24;2026.06.22 01:05:02;4 158.29;;;;cancelled
2026.06.18 12:15:00;Sell Stop;0.01;XAUUSD;4 027.27;4 159.38;3 995.87;2026.06.22 01:05:02;4 157.86;;;;cancelled
2026.06.19 18:00:00;Buy Stop;0.01;XAUUSD;4 380.21;4 201.12;4 394.40;2026.06.22 01:05:01;4 158.66;;;;cancelled
2026.06.19 10:15:00;Buy Stop;0.01;XAUUSD;5 591.58;5 461.78;5 622.43;2026.06.22 01:05:01;4 158.18;;;;cancelled
2026.06.03 01:05:00;Buy Stop;0.01;XAUUSD;4 591.97;4 576.27;4 665.99;2026.06.22 01:05:01;4 159.50;;;;cancelled
2026.06.12 14:00:00;Sell Stop;0.01;XAUUSD;4 026.34;4 046.69;3 901.69;2026.06.22 01:05:00;4 156.57;;;;cancelled
2026.06.01 01:05:00;Buy Stop;0.01;XAUUSD;4 887.17;4 864.69;4 979.35;2026.06.22 01:05:00;4 159.62;;;;cancelled
2026.06.18 22:00:00;Buy Stop;0.01;XAUUSD;4 380.17;4 197.88;4 394.61;2026.06.19 18:00:00;4 149.42;;;;cancelled
2026.06.17 23:15:00;Buy Stop;0.01;XAUUSD;5 591.50;5 460.07;5 622.74;2026.06.19 10:15:00;4 157.25;;;;cancelled
2026.06.18 09:05:00;Sell Stop;0.01;XAUUSD;4 026.42;4 208.71;4 011.98;2026.06.19 05:05:00;4 185.52;;;;cancelled
2026.06.18 19:35:59;Sell;0.01;XAUUSD;4 220.80;4 219.47;4 205.90;2026.06.18 19:59:31;4 219.56;-0.17;;1.24;[sl]
2026.06.17 13:30:01;Sell Stop;0.01;XAUUSD;4 025.62;4 113.46;4 010.70;2026.06.18 19:45:00;4 221.99;;;;cancelled
2026.06.17 01:05:01;Sell Stop;0.01;XAUUSD;4 027.25;4 158.68;3 996.01;2026.06.18 12:15:00;4 267.76;;;;cancelled
2026.06.17 13:05:00;Sell Stop;0.01;XAUUSD;4 026.40;4 207.74;4 012.04;2026.06.18 09:05:00;4 307.01;;;;cancelled
2026.06.10 06:00:00;Buy Stop;0.01;XAUUSD;4 593.81;4 572.15;4 726.45;2026.06.18 06:00:00;4 311.03;;;;cancelled
2026.06.16 12:15:00;Buy Stop;0.01;XAUUSD;5 591.56;5 461.40;5 622.50;2026.06.17 23:15:00;4 257.78;;;;cancelled
2026.06.17 20:33:34;Buy;0.01;XAUUSD;4 367.55;4 346.63;4 500.15;2026.06.17 21:00:13;4 344.03;-0.17;;-23.52;[sl]
2026.06.17 20:33:35;Buy;0.01;XAUUSD;4 368.48;4 368.98;4 392.08;2026.06.17 21:00:03;4 367.09;-0.17;;-1.39;[sl]
2026.06.17 20:33:33;Buy;0.01;XAUUSD;4 367.52;4 373.07;4 382.19;2026.06.17 20:35:19;4 372.59;-0.17;;5.07;[sl]
2026.06.17 20:33:33;Buy;0.01;XAUUSD;4 367.52;4 185.86;4 381.56;2026.06.17 20:33:58;4 381.62;-0.17;;14.10;[tp]
2026.06.16 14:00:00;Buy Stop;0.01;XAUUSD;4 367.29;4 280.30;4 382.06;2026.06.17 20:00:00;4 359.75;;;;cancelled
2026.06.16 19:00:00;Buy Stop;0.01;XAUUSD;4 367.22;4 187.63;4 381.45;2026.06.17 15:00:00;4 323.91;;;;cancelled
2026.06.16 07:15:01;Sell Stop;0.01;XAUUSD;4 025.61;4 112.60;4 010.84;2026.06.17 13:30:01;4 329.15;;;;cancelled
2026.06.15 01:05:03;Sell Stop;0.01;XAUUSD;4 026.15;4 062.59;4 002.66;2026.06.17 13:15:00;4 330.96;;;;cancelled
2026.06.16 17:05:00;Sell Stop;0.01;XAUUSD;4 026.38;4 205.97;4 012.15;2026.06.17 13:05:00;4 328.76;;;;cancelled
2026.06.10 22:00:00;Sell Stop;0.01;XAUUSD;3 888.19;3 909.85;3 799.40;2026.06.17 01:05:01;4 331.84;;;;cancelled
2026.06.15 21:05:00;Sell Stop;0.01;XAUUSD;4 026.34;4 203.57;4 012.30;2026.06.16 17:05:00;4 338.67;;;;cancelled
2026.06.15 01:05:01;Buy Stop;0.01;XAUUSD;5 591.64;5 463.20;5 622.17;2026.06.16 12:15:00;4 346.41;;;;cancelled
2026.06.15 01:05:02;Sell Stop;0.01;XAUUSD;4 025.58;4 111.43;4 011.00;2026.06.16 07:15:00;4 327.25;;;;cancelled
2026.06.15 01:05:00;Sell Stop;0.01;XAUUSD;4 026.34;4 203.57;4 012.30;2026.06.15 21:05:00;4 320.62;;;;cancelled
2026.06.15 16:32:02;Buy;0.01;XAUUSD;4 362.15;4 362.64;4 385.53;2026.06.15 17:11:04;4 362.09;-0.17;;-0.06;[sl]
2026.06.15 16:31:53;Buy;0.01;XAUUSD;4 361.08;4 362.38;4 375.65;2026.06.15 16:43:04;4 361.99;-0.17;;0.91;[sl]
2026.06.15 16:31:53;Buy;0.01;XAUUSD;4 361.08;4 362.48;4 375.03;2026.06.15 16:43:04;4 361.99;-0.17;;0.91;[sl]
2026.06.12 03:00:00;Sell Stop;0.01;XAUUSD;4 026.07;4 061.29;4 003.37;2026.06.15 01:05:02;4 297.42;;;;cancelled
2026.06.10 17:00:00;Buy Stop;0.01;XAUUSD;4 362.01;4 324.53;4 386.16;2026.06.15 01:05:02;4 298.10;;;;cancelled
2026.06.12 10:15:00;Buy Stop;0.01;XAUUSD;5 591.83;5 467.68;5 621.34;2026.06.15 01:05:01;4 302.26;;;;cancelled
2026.06.11 22:00:00;Sell Stop;0.01;XAUUSD;4 025.60;4 112.25;4 010.89;2026.06.15 01:05:01;4 298.53;;;;cancelled
2026.06.11 19:00:00;Buy Stop;0.01;XAUUSD;4 361.05;4 274.40;4 375.76;2026.06.15 01:05:01;4 298.82;;;;cancelled
2026.06.12 21:00:00;Buy Stop;0.01;XAUUSD;4 244.48;4 161.51;4 258.57;2026.06.15 01:05:00;4 301.94;;;;
2026.06.12 10:00:00;Buy Stop;0.01;XAUUSD;4 361.06;4 189.77;4 374.63;2026.06.15 01:05:00;4 302.08;;;;cancelled
2026.06.12 04:00:00;Sell Stop;0.01;XAUUSD;4 026.26;4 197.55;4 012.69;2026.06.15 01:05:00;4 299.57;;;;cancelled
2026.06.10 23:15:00;Buy Stop;0.01;XAUUSD;5 591.47;5 459.37;5 622.87;2026.06.12 10:15:00;4 178.35;;;;cancelled
2026.06.11 14:00:00;Buy Stop;0.01;XAUUSD;4 360.97;4 182.08;4 375.14;2026.06.12 10:00:00;4 185.26;;;;cancelled
2026.06.10 13:00:00;Buy Stop;0.01;XAUUSD;4 361.01;4 272.72;4 376.00;2026.06.11 19:00:00;4 089.06;;;;cancelled
2026.06.10 18:00:00;Buy Stop;0.01;XAUUSD;4 360.93;4 178.66;4 375.37;2026.06.11 14:00:00;4 089.78;;;;cancelled
2026.06.10 13:10:00;Buy Stop;0.01;XAUUSD;4 513.32;4 331.05;4 527.76;2026.06.11 09:10:00;4 080.87;;;;cancelled
2026.06.10 21:50:39;Sell;0.01;XAUUSD;4 099.78;4 047.63;4 008.78;2026.06.11 01:30:36;4 048.58;-0.16;0.57;51.20;[sl]
2026.06.09 12:15:00;Buy Stop;0.01;XAUUSD;5 591.48;5 459.44;5 622.87;2026.06.10 23:15:00;4 072.23;;;;cancelled
2026.06.10 21:50:07;Sell;0.01;XAUUSD;4 101.61;4 099.01;4 070.23;2026.06.10 23:09:31;4 070.23;-0.16;;31.38;[tp]
2026.06.10 20:44:50;Sell;0.01;XAUUSD;4 101.22;4 098.62;4 070.24;2026.06.10 23:09:31;4 070.23;-0.16;;30.99;[tp]
2026.06.10 20:45:02;Sell;0.01;XAUUSD;4 101.29;4 233.73;4 070.23;2026.06.10 20:46:00;4 104.47;-0.16;;-3.18;
2026.06.08 05:15:00;Buy Stop;0.01;XAUUSD;4 514.37;4 475.64;4 539.33;2026.06.10 17:15:00;4 174.68;;;;cancelled
2026.06.09 07:15:00;Buy Stop;0.01;XAUUSD;4 513.40;4 425.15;4 528.39;2026.06.10 13:15:00;4 160.95;;;;cancelled
2026.06.09 17:10:00;Buy Stop;0.01;XAUUSD;4 513.33;4 331.15;4 527.76;2026.06.10 13:10:00;4 159.66;;;;cancelled
2026.06.02 06:00:00;Buy Stop;0.01;XAUUSD;4 593.75;4 571.05;4 732.79;2026.06.10 06:00:00;4 174.45;;;;cancelled
2026.06.09 18:31:49;Sell;0.01;XAUUSD;4 270.93;4 292.69;4 138.69;2026.06.09 18:45:00;4 280.67;-0.17;;-9.74;
2026.06.09 18:31:49;Sell;0.01;XAUUSD;4 270.92;4 270.42;4 246.83;2026.06.09 18:32:14;4 270.35;-0.17;;0.57;[sl]
2026.06.09 18:31:49;Sell;0.01;XAUUSD;4 270.93;4 269.49;4 256.75;2026.06.09 18:32:03;4 268.51;-0.17;;2.42;[sl]
2026.06.09 18:31:49;Sell;0.01;XAUUSD;4 269.06;4 267.73;4 255.40;2026.06.09 18:32:03;4 268.35;-0.17;;0.71;[sl]
2026.06.08 21:10:00;Buy Stop;0.01;XAUUSD;4 513.26;4 324.93;4 528.18;2026.06.09 17:10:00;4 328.43;;;;cancelled
2026.06.08 01:05:00;Sell Stop;0.01;XAUUSD;4 101.75;4 238.24;4 069.30;2026.06.09 12:15:00;4 328.70;;;;cancelled
2026.06.08 01:05:00;Buy Stop;0.01;XAUUSD;5 591.28;5 454.79;5 623.73;2026.06.09 12:15:00;4 328.62;;;;cancelled
2026.06.08 01:05:02;Buy Stop;0.01;XAUUSD;4 513.33;4 422.11;4 528.82;2026.06.09 07:15:00;4 332.32;;;;cancelled
2026.06.08 01:05:01;Buy Stop;0.01;XAUUSD;4 513.26;4 324.93;4 528.18;2026.06.08 21:10:00;4 343.99;;;;cancelled
2026.06.05 17:00:01;Buy Stop;0.01;XAUUSD;4 514.38;4 475.99;4 539.12;2026.06.08 05:15:00;4 316.80;;;;cancelled
2026.06.05 18:00:00;Buy Stop;0.01;XAUUSD;4 513.27;4 326.58;4 528.06;2026.06.08 01:05:01;4 321.02;;;;cancelled
2026.06.05 13:00:00;Buy Stop;0.01;XAUUSD;4 513.35;4 422.92;4 528.71;2026.06.08 01:05:01;4 321.26;;;;cancelled
2026.06.05 09:00:00;Buy Stop;0.01;XAUUSD;4 592.84;4 502.41;4 608.20;2026.06.08 01:05:01;4 321.16;;;;cancelled
2026.06.05 04:00:00;Buy Stop;0.01;XAUUSD;4 539.21;4 352.52;4 554.00;2026.06.08 01:05:01;4 321.10;;;;cancelled
2026.05.29 19:00:00;Buy Stop;0.01;XAUUSD;4 772.77;4 750.49;4 909.25;2026.06.08 01:05:01;4 321.37;;;;cancelled
2026.06.05 17:00:00;Sell Stop;0.01;XAUUSD;4 101.72;4 237.02;4 069.56;2026.06.08 01:05:00;4 320.76;;;;cancelled
2026.06.05 10:15:00;Buy Stop;0.01;XAUUSD;5 591.33;5 456.03;5 623.49;2026.06.08 01:05:00;4 321.39;;;;cancelled
2026.06.03 11:00:00;Buy Stop;0.01;XAUUSD;4 540.30;4 501.48;4 565.32;2026.06.05 23:00:00;4 318.20;;;;cancelled
2026.06.05 16:59:44;Sell;0.01;XAUUSD;4 369.86;4 367.20;4 337.36;2026.06.05 17:51:56;4 368.22;-0.17;;1.64;[sl]
2026.06.05 16:59:49;Sell;0.01;XAUUSD;4 367.62;4 365.40;4 275.93;2026.06.05 17:51:55;4 365.80;-0.17;;1.82;[sl]
2026.06.05 16:59:45;Sell;0.01;XAUUSD;4 369.28;4 363.73;4 232.63;2026.06.05 17:51:26;4 363.74;-0.17;;5.54;[sl]
2026.06.05 16:59:45;Sell;0.01;XAUUSD;4 368.87;4 358.25;4 294.13;2026.06.05 17:48:13;4 359.15;-0.17;;9.72;[sl]
2026.06.05 16:59:49;Sell;0.01;XAUUSD;4 368.72;4 354.78;4 343.80;2026.06.05 17:47:30;4 354.95;-0.17;;13.77;[sl]
2026.06.05 15:52:15;Sell;0.01;XAUUSD;4 425.63;4 420.08;4 289.65;2026.06.05 16:09:11;4 420.05;-0.18;;5.58;[sl]
2026.06.05 15:52:38;Sell;0.01;XAUUSD;4 425.38;4 413.20;4 400.47;2026.06.05 16:00:11;4 400.47;-0.18;;24.91;[tp]
2026.06.05 15:52:38;Sell;0.01;XAUUSD;4 425.06;4 419.75;4 409.10;2026.06.05 15:59:02;4 409.09;-0.18;;15.97;[tp]
2026.06.05 15:52:15;Sell;0.01;XAUUSD;4 425.37;4 423.89;4 410.63;2026.06.05 15:57:23;4 410.61;-0.18;;14.76;[tp]
2026.06.03 23:15:00;Buy Stop;0.01;XAUUSD;5 591.26;5 454.44;5 623.78;2026.06.05 10:15:00;4 458.68;;;;cancelled
2026.06.04 03:00:00;Buy Stop;0.01;XAUUSD;4 592.82;4 501.29;4 608.36;2026.06.05 09:00:00;4 440.04;;;;cancelled
2026.06.04 09:10:00;Sell Stop;0.01;XAUUSD;4 369.03;4 557.99;4 354.06;2026.06.05 05:10:00;4 447.84;;;;cancelled
2026.06.04 08:00:00;Buy Stop;0.01;XAUUSD;4 539.19;4 350.23;4 554.16;2026.06.05 04:00:00;4 459.64;;;;cancelled
2026.06.03 13:15:00;Sell Stop;0.01;XAUUSD;4 368.22;4 459.66;4 352.69;2026.06.04 19:15:00;4 479.29;;;;cancelled
2026.06.03 01:05:00;Sell Stop;0.01;XAUUSD;4 369.91;4 506.73;4 337.39;2026.06.04 12:15:00;4 463.49;;;;cancelled
2026.06.03 13:10:00;Sell Stop;0.01;XAUUSD;4 369.03;4 557.81;4 354.08;2026.06.04 09:10:00;4 476.27;;;;cancelled
2026.06.03 12:00:00;Buy Stop;0.01;XAUUSD;4 539.19;4 350.41;4 554.14;2026.06.04 08:00:00;4 481.36;;;;cancelled
2026.06.01 19:00:00;Buy Stop;0.01;XAUUSD;4 593.85;4 554.94;4 618.93;2026.06.04 07:00:00;4 463.99;;;;cancelled
2026.06.02 21:00:00;Buy Stop;0.01;XAUUSD;4 592.79;4 500.24;4 608.51;2026.06.04 03:00:00;4 456.10;;;;cancelled
2026.06.02 12:15:01;Sell Stop;0.01;XAUUSD;4 101.80;4 240.27;4 068.88;2026.06.03 23:30:00;4 439.04;;;;cancelled
2026.06.02 12:15:00;Buy Stop;0.01;XAUUSD;5 591.19;5 452.72;5 624.11;2026.06.03 23:15:00;4 440.18;;;;cancelled
2026.06.02 07:15:00;Sell Stop;0.01;XAUUSD;4 368.24;4 460.79;4 352.52;2026.06.03 13:15:00;4 462.95;;;;cancelled
2026.06.01 01:05:02;Sell Stop;0.01;XAUUSD;4 368.83;4 407.74;4 343.75;2026.06.03 13:15:00;4 463.01;;;;cancelled
2026.06.02 17:10:00;Sell Stop;0.01;XAUUSD;4 369.06;4 560.13;4 353.93;2026.06.03 13:10:00;4 461.84;;;;cancelled
2026.06.03 11:51:47;Sell;0.01;XAUUSD;4 449.95;4 449.43;4 424.62;2026.06.03 12:03:39;4 449.48;-0.18;;0.47;[sl]
2026.06.03 11:51:46;Sell;0.01;XAUUSD;4 449.97;4 448.47;4 435.02;2026.06.03 12:03:25;4 448.49;-0.18;;1.48;[sl]
2026.06.02 16:00:00;Buy Stop;0.01;XAUUSD;4 592.71;4 401.64;4 607.84;2026.06.03 12:00:00;4 444.18;;;;cancelled
2026.06.03 11:51:47;Sell;0.01;XAUUSD;4 449.25;4 447.87;4 433.61;2026.06.03 11:52:04;4 448.35;-0.18;;0.90;[sl]
2026.06.02 01:05:00;Buy Stop;0.01;XAUUSD;4 770.93;4 755.04;4 845.84;2026.06.03 01:05:01;4 490.76;;;;cancelled
2026.05.27 14:00:00;Sell Stop;0.01;XAUUSD;4 099.77;4 122.62;4 006.10;2026.06.03 01:05:01;4 490.52;;;;cancelled
2026.06.01 15:00:00;Buy Stop;0.01;XAUUSD;4 592.81;4 501.15;4 608.37;2026.06.02 21:00:00;4 484.89;;;;cancelled
2026.06.01 21:10:00;Sell Stop;0.01;XAUUSD;4 369.04;4 558.27;4 354.05;2026.06.02 17:10:00;4 503.22;;;;cancelled
2026.06.01 20:00:00;Buy Stop;0.01;XAUUSD;4 592.74;4 403.51;4 607.73;2026.06.02 16:00:00;4 515.17;;;;cancelled
2026.06.01 01:05:02;Sell Stop;0.01;XAUUSD;4 101.77;4 238.91;4 069.17;2026.06.02 12:15:00;4 533.86;;;;cancelled
2026.06.01 01:05:02;Buy Stop;0.01;XAUUSD;5 591.25;5 454.11;5 623.85;2026.06.02 12:15:00;4 533.98;;;;cancelled
2026.06.01 01:05:02;Sell Stop;0.01;XAUUSD;4 368.22;4 459.88;4 352.66;2026.06.02 07:15:00;4 504.60;;;;cancelled
2026.05.15 01:05:00;Buy Stop;0.01;XAUUSD;4 770.83;4 754.41;4 848.23;2026.06.02 01:05:00;4 483.52;;;;cancelled
2026.06.01 01:05:01;Sell Stop;0.01;XAUUSD;4 369.04;4 558.27;4 354.05;2026.06.01 21:10:00;4 489.83;;;;cancelled
2026.05.29 08:00:00;Sell Stop;0.01;XAUUSD;4 368.81;4 407.38;4 343.96;2026.06.01 01:05:02;4 520.66;;;;cancelled
2026.05.29 04:00:00;Sell Stop;0.01;XAUUSD;4 368.21;4 459.05;4 352.78;2026.06.01 01:05:02;4 520.65;;;;cancelled
2026.05.29 10:15:00;Buy Stop;0.01;XAUUSD;5 591.30;5 455.38;5 623.61;2026.06.01 01:05:01;4 521.13;;;;cancelled
2026.05.29 09:00:00;Sell Stop;0.01;XAUUSD;4 369.01;4 556.55;4 354.16;2026.06.01 01:05:01;4 520.50;;;;cancelled
2026.05.29 01:05:01;Sell Stop;0.01;XAUUSD;4 101.74;4 237.66;4 069.43;2026.06.01 01:05:01;4 520.63;;;;cancelled
2026.05.12 01:05:00;Buy Stop;0.01;XAUUSD;4 887.01;4 863.60;4 982.98;2026.06.01 01:05:00;4 520.99;;;;cancelled
2026.05.29 18:05:02;Buy;0.01;XAUUSD;4 579.91;4 557.57;4 719.04;2026.05.29 20:43:00;4 557.50;-0.18;;-22.41;[sl]
2026.05.29 18:04:57;Buy;0.01;XAUUSD;4 578.19;4 579.68;4 592.96;2026.05.29 18:11:14;4 593.01;-0.18;;14.82;[tp]
2026.05.29 18:04:57;Buy;0.01;XAUUSD;4 578.20;4 581.27;4 593.61;2026.05.29 18:11:14;4 593.85;-0.18;;15.65;[tp]
2026.05.29 18:05:02;Buy;0.01;XAUUSD;4 579.92;4 540.64;4 604.06;2026.05.29 18:06:00;4 574.55;-0.18;;-5.37;
2026.05.28 21:10:00;Buy Stop;0.01;XAUUSD;4 578.07;4 387.15;4 593.19;2026.05.29 17:10:00;4 551.82;;;;cancelled
2026.05.27 03:00:00;Buy Stop;0.01;XAUUSD;4 579.19;4 539.65;4 604.67;2026.05.29 15:00:00;4 538.74;;;;cancelled
2026.05.21 14:00:00;Buy Stop;0.01;XAUUSD;4 772.76;4 750.35;4 910.03;2026.05.29 14:00:00;4 538.99;;;;cancelled
2026.05.27 23:15:00;Buy Stop;0.01;XAUUSD;5 591.15;5 451.78;5 624.28;2026.05.29 10:15:00;4 516.38;;;;cancelled
2026.05.28 04:00:00;Buy Stop;0.01;XAUUSD;4 578.15;4 485.67;4 593.85;2026.05.29 10:00:00;4 523.42;;;;cancelled
2026.05.27 14:00:00;Sell Stop;0.01;XAUUSD;4 101.83;4 241.20;4 068.70;2026.05.29 01:05:00;4 497.54;;;;cancelled
2026.05.28 01:05:01;Buy Stop;0.01;XAUUSD;4 578.07;4 387.15;4 593.19;2026.05.28 21:10:00;4 510.00;;;;cancelled
2026.05.26 22:00:00;Buy Stop;0.01;XAUUSD;4 578.15;4 485.81;4 593.83;2026.05.28 04:00:00;4 457.71;;;;cancelled
2026.05.27 04:00:00;Buy Stop;0.01;XAUUSD;4 578.05;4 385.75;4 593.28;2026.05.28 01:05:01;4 456.92;;;;cancelled
2026.05.26 12:15:00;Buy Stop;0.01;XAUUSD;5 591.20;5 453.04;5 624.04;2026.05.27 23:15:00;4 455.35;;;;cancelled
2026.05.26 21:10:00;Buy Stop;0.01;XAUUSD;4 586.98;4 396.35;4 602.08;2026.05.27 17:10:00;4 444.78;;;;cancelled
2026.05.27 13:46:15;Sell;0.01;XAUUSD;4 455.88;4 453.14;4 424.04;2026.05.27 15:19:14;4 453.90;-0.18;;1.98;[sl]
2026.05.27 13:46:17;Sell;0.01;XAUUSD;4 454.40;4 452.12;4 362.24;2026.05.27 15:19:14;4 452.97;-0.18;;1.43;[sl]
2026.05.27 13:46:15;Sell;0.01;XAUUSD;4 456.42;4 450.71;4 319.04;2026.05.27 15:19:11;4 450.69;-0.18;;5.73;[sl]
2026.05.27 13:46:15;Sell;0.01;XAUUSD;4 456.42;4 438.30;4 381.29;2026.05.27 15:18:17;4 438.36;-0.18;;18.06;[sl]
2026.05.27 13:46:15;Sell;0.01;XAUUSD;4 456.42;4 442.93;4 430.58;2026.05.27 14:42:22;4 443.20;-0.18;;13.22;[sl]
2026.05.27 13:46:15;Sell;0.01;XAUUSD;4 456.42;4 454.90;4 441.15;2026.05.27 14:23:15;4 441.06;-0.18;;15.36;[tp]
2026.05.25 02:15:00;Buy Stop;0.01;XAUUSD;4 588.10;4 548.79;4 613.43;2026.05.27 14:15:00;4 451.35;;;;cancelled
2026.05.26 07:15:00;Sell Stop;0.01;XAUUSD;4 455.43;4 547.77;4 439.75;2026.05.27 13:15:00;4 485.46;;;;cancelled
2026.05.25 01:05:02;Sell Stop;0.01;XAUUSD;4 456.04;4 495.35;4 430.71;2026.05.27 13:15:00;4 485.48;;;;cancelled
2026.05.26 01:05:01;Sell Stop;0.01;XAUUSD;4 457.13;4 595.29;4 424.29;2026.05.27 12:15:00;4 491.80;;;;cancelled
2026.05.26 01:05:01;Sell Stop;0.01;XAUUSD;4 456.25;4 646.88;4 441.15;2026.05.26 21:10:00;4 488.97;;;;cancelled
2026.05.26 01:05:01;Buy Stop;0.01;XAUUSD;4 586.98;4 396.35;4 602.08;2026.05.26 21:10:00;4 489.08;;;;cancelled
2026.05.25 01:05:01;Sell Stop;0.01;XAUUSD;4 101.80;4 240.35;4 068.87;2026.05.26 12:15:00;4 520.31;;;;cancelled
2026.05.25 01:05:01;Buy Stop;0.01;XAUUSD;5 591.18;5 452.63;5 624.11;2026.05.26 12:15:00;4 520.04;;;;cancelled
2026.05.25 02:15:00;Buy Stop;0.01;XAUUSD;4 587.05;4 494.45;4 602.77;2026.05.26 08:15:00;4 529.49;;;;cancelled
2026.05.25 01:05:02;Sell Stop;0.01;XAUUSD;4 455.43;4 548.03;4 439.71;2026.05.26 07:15:00;4 537.07;;;;cancelled
2026.05.18 04:00:00;Sell Stop;0.01;XAUUSD;4 099.80;4 123.05;4 004.46;2026.05.26 01:05:01;4 571.11;;;;cancelled
2026.05.25 02:05:00;Buy Stop;0.01;XAUUSD;4 586.97;4 395.80;4 602.11;2026.05.26 01:05:00;4 571.44;;;;cancelled
2026.05.25 01:05:01;Sell Stop;0.01;XAUUSD;4 456.25;4 647.42;4 441.11;2026.05.26 01:05:00;4 571.21;;;;cancelled
2026.05.25 15:18:56;Balance;;;;;;;;;;-112.00;
2026.05.25 02:05:35;Buy;0.01;XAUUSD;4 568.56;4 570.07;4 583.56;2026.05.25 02:57:12;4 569.68;-0.18;;1.12;[sl]
2026.05.25 02:00:13;Buy;0.01;XAUUSD;4 570.10;4 570.62;4 594.88;2026.05.25 02:57:12;4 570.11;-0.18;;0.01;[sl]
2026.05.25 02:00:13;Buy;0.01;XAUUSD;4 568.95;4 570.47;4 584.22;2026.05.25 02:57:12;4 570.11;-0.18;;1.16;[sl]
2026.05.25 02:00:13;Buy;0.01;XAUUSD;4 568.42;4 569.93;4 583.56;2026.05.25 02:57:12;4 569.73;-0.18;;1.31;[sl]
2026.05.22 05:00:00;Buy Stop;0.01;XAUUSD;4 569.55;4 530.22;4 594.89;2026.05.25 01:05:02;4 551.02;;;;cancelled
2026.05.21 07:00:00;Sell Stop;0.01;XAUUSD;4 456.01;4 494.80;4 431.01;2026.05.25 01:05:02;4 550.38;;;;cancelled
2026.05.22 10:15:00;Sell Stop;0.01;XAUUSD;4 101.81;4 240.41;4 068.86;2026.05.25 01:05:01;4 550.38;;;;cancelled
2026.05.22 10:15:00;Buy Stop;0.01;XAUUSD;5 591.18;5 452.58;5 624.13;2026.05.25 01:05:01;4 550.86;;;;cancelled
2026.05.22 09:00:00;Sell Stop;0.01;XAUUSD;4 455.43;4 548.06;4 439.70;2026.05.25 01:05:01;4 549.99;;;;cancelled
2026.05.22 01:05:01;Buy Stop;0.01;XAUUSD;4 568.50;4 475.87;4 584.23;2026.05.25 01:05:01;4 550.54;;;;cancelled
2026.05.22 06:00:00;Buy Stop;0.01;XAUUSD;4 568.42;4 377.18;4 583.57;2026.05.25 01:05:00;4 551.66;;;;cancelled
2026.05.22 04:00:00;Sell Stop;0.01;XAUUSD;4 456.26;4 647.50;4 441.11;2026.05.25 01:05:00;4 550.64;;;;cancelled
2026.05.21 21:05:00;Buy Stop;0.01;XAUUSD;4 587.00;4 398.37;4 601.94;2026.05.22 17:05:00;4 507.50;;;;cancelled
2026.05.20 04:00:00;Buy Stop;0.01;XAUUSD;4 588.10;4 548.58;4 613.57;2026.05.22 16:00:00;4 529.75;;;;cancelled
2026.05.21 05:00:00;Buy Stop;0.01;XAUUSD;4 587.08;4 495.71;4 602.60;2026.05.22 11:00:00;4 522.67;;;;cancelled
2026.05.20 23:15:00;Sell Stop;0.01;XAUUSD;4 101.82;4 241.10;4 068.71;2026.05.22 10:15:00;4 522.61;;;;cancelled
2026.05.20 23:15:00;Buy Stop;0.01;XAUUSD;5 591.15;5 451.87;5 624.26;2026.05.22 10:15:00;4 522.74;;;;cancelled
2026.05.21 03:00:00;Sell Stop;0.01;XAUUSD;4 455.41;4 546.78;4 439.89;2026.05.22 09:00:00;4 510.93;;;;cancelled
2026.05.21 08:00:00;Sell Stop;0.01;XAUUSD;4 456.22;4 644.85;4 441.28;2026.05.22 04:00:00;4 526.21;;;;cancelled
2026.05.21 01:05:00;Buy Stop;0.01;XAUUSD;4 587.00;4 398.37;4 601.94;2026.05.21 21:05:00;4 543.68;;;;cancelled
2026.05.13 14:00:00;Buy Stop;0.01;XAUUSD;4 772.70;4 749.02;4 917.72;2026.05.21 14:00:00;4 510.84;;;;cancelled
2026.05.19 23:00:00;Buy Stop;0.01;XAUUSD;4 587.06;4 494.75;4 602.73;2026.05.21 05:00:00;4 561.97;;;;cancelled
2026.05.20 05:00:00;Buy Stop;0.01;XAUUSD;4 586.96;4 394.79;4 602.18;2026.05.21 01:05:00;4 544.88;;;;cancelled
2026.05.19 12:15:00;Sell Stop;0.01;XAUUSD;4 101.79;4 239.90;4 068.96;2026.05.20 23:15:00;4 546.79;;;;cancelled
2026.05.19 12:15:00;Buy Stop;0.01;XAUUSD;5 591.20;5 453.09;5 624.03;2026.05.20 23:15:00;4 546.86;;;;cancelled
2026.05.18 01:05:01;Buy Stop;0.01;XAUUSD;4 717.73;4 677.48;4 743.67;2026.05.20 13:15:00;4 488.12;;;;cancelled
2026.05.19 17:10:00;Buy Stop;0.01;XAUUSD;4 716.63;4 526.07;4 731.72;2026.05.20 13:10:00;4 489.95;;;;cancelled
2026.05.18 21:10:00;Buy Stop;0.01;XAUUSD;4 716.57;4 520.84;4 732.07;2026.05.19 17:10:00;4 504.03;;;;cancelled
2026.05.19 16:31:21;Sell;0.01;XAUUSD;4 481.67;4 504.37;4 344.47;2026.05.19 16:54:52;4 504.77;-0.18;;-23.10;[sl]
2026.05.19 16:31:21;Sell;0.01;XAUUSD;4 481.43;4 480.91;4 457.60;2026.05.19 16:32:51;4 481.16;-0.18;;0.27;[sl]
2026.05.19 16:31:21;Sell;0.01;XAUUSD;4 481.43;4 577.10;4 466.19;2026.05.19 16:31:46;4 466.07;-0.18;;15.36;[tp]
2026.05.19 16:31:21;Sell;0.01;XAUUSD;4 481.67;4 673.62;4 467.97;2026.05.19 16:31:41;4 467.37;-0.18;;14.30;[tp]
2026.05.18 01:05:00;Sell Stop;0.01;XAUUSD;4 101.89;4 243.74;4 068.17;2026.05.19 12:15:00;4 539.45;;;;cancelled
2026.05.18 01:05:00;Buy Stop;0.01;XAUUSD;5 591.03;5 449.18;5 624.75;2026.05.19 12:15:00;4 539.46;;;;cancelled
2026.05.18 01:05:01;Buy Stop;0.01;XAUUSD;4 771.73;4 676.92;4 787.83;2026.05.19 07:15:00;4 540.63;;;;cancelled
2026.05.18 01:05:01;Buy Stop;0.01;XAUUSD;4 716.57;4 520.84;4 732.07;2026.05.18 21:10:00;4 545.24;;;;cancelled
2026.05.18 03:33:58;Sell;0.01;XAUUSD;4 503.32;4 497.51;4 360.07;2026.05.18 03:56:34;4 498.40;-0.18;;4.92;[sl]
2026.05.18 03:33:58;Sell;0.01;XAUUSD;4 498.55;4 496.22;4 406.18;2026.05.18 03:49:24;4 496.56;-0.18;;1.99;[sl]
2026.05.18 03:33:58;Sell;0.01;XAUUSD;4 503.32;4 503.32;4 426.08;2026.05.18 03:36:12;4 505.34;-0.18;;-2.02;[sl]
2026.05.15 03:25:18;Sell;0.01;XAUUSD;4 639.64;4 576.22;4 496.50;2026.05.18 03:34:12;4 494.31;-0.19;0.19;145.33;[tp]
2026.05.15 11:00:00;Buy Stop;0.01;XAUUSD;4 717.72;4 677.12;4 743.88;2026.05.18 01:05:01;4 545.83;;;;cancelled
2026.05.15 11:00:00;Buy Stop;0.01;XAUUSD;4 771.71;4 676.09;4 787.95;2026.05.18 01:05:01;4 545.85;;;;cancelled
2026.05.15 12:00:00;Buy Stop;0.01;XAUUSD;4 716.55;4 519.14;4 732.19;2026.05.18 01:05:00;4 545.80;;;;cancelled
2026.05.14 23:15:00;Sell Stop;0.01;XAUUSD;4 101.94;4 245.80;4 067.74;2026.05.18 01:05:00;4 545.18;;;;cancelled
2026.05.14 23:15:00;Buy Stop;0.01;XAUUSD;5 590.94;5 447.08;5 625.14;2026.05.18 01:05:00;4 545.79;;;;cancelled
2026.05.14 21:05:00;Buy Stop;0.01;XAUUSD;4 771.62;4 573.13;4 787.34;2026.05.15 17:05:00;4 534.45;;;;cancelled
2026.05.13 04:00:00;Buy Stop;0.01;XAUUSD;4 772.79;4 731.81;4 799.20;2026.05.15 16:00:00;4 546.41;;;;cancelled
2026.05.14 05:00:00;Buy Stop;0.01;XAUUSD;4 771.70;4 675.55;4 788.03;2026.05.15 11:00:00;4 571.93;;;;cancelled
2026.05.15 03:25:18;Sell;0.01;XAUUSD;4 639.64;4 625.07;4 614.23;2026.05.15 03:41:44;4 614.23;-0.19;;25.41;[tp]
2026.05.15 03:25:18;Sell;0.01;XAUUSD;4 639.64;4 638.20;4 623.67;2026.05.15 03:30:54;4 623.67;-0.19;;15.97;[tp]
2026.05.15 03:25:18;Sell;0.01;XAUUSD;4 639.64;4 638.08;4 625.13;2026.05.15 03:30:54;4 624.34;-0.19;;15.30;[tp]
2026.05.12 03:00:00;Buy Stop;0.01;XAUUSD;4 887.95;4 871.56;4 965.19;2026.05.15 01:05:00;4 653.51;;;;cancelled
2026.05.13 12:15:00;Sell Stop;0.01;XAUUSD;4 101.96;4 246.39;4 067.63;2026.05.14 23:15:00;4 649.77;;;;cancelled
2026.05.13 12:15:00;Buy Stop;0.01;XAUUSD;5 590.92;5 446.49;5 625.25;2026.05.14 23:15:00;4 649.82;;;;cancelled
2026.05.14 01:05:00;Buy Stop;0.01;XAUUSD;4 771.62;4 573.13;4 787.34;2026.05.14 21:05:00;4 670.43;;;;cancelled
2026.05.13 15:00:00;Sell Stop;0.01;XAUUSD;4 640.00;4 736.53;4 623.61;2026.05.14 21:00:00;4 678.20;;;;cancelled
2026.05.13 20:00:00;Sell Stop;0.01;XAUUSD;4 640.86;4 840.14;4 625.08;2026.05.14 16:00:00;4 705.20;;;;cancelled
2026.05.12 01:05:01;Sell Stop;0.01;XAUUSD;4 503.12;4 543.63;4 477.01;2026.05.14 13:15:00;4 697.63;;;;cancelled
2026.05.12 23:00:00;Buy Stop;0.01;XAUUSD;4 771.72;4 676.29;4 787.93;2026.05.14 05:00:00;4 689.47;;;;cancelled
2026.05.13 05:00:00;Buy Stop;0.01;XAUUSD;4 771.61;4 572.33;4 787.39;2026.05.14 01:05:00;4 693.96;;;;cancelled
2026.05.12 21:10:00;Sell Stop;0.01;XAUUSD;4 503.34;4 700.35;4 487.74;2026.05.13 17:10:00;4 677.40;;;;cancelled
2026.05.12 01:05:01;Sell Stop;0.01;XAUUSD;4 101.92;4 244.71;4 067.98;2026.05.13 12:15:00;4 694.54;;;;cancelled
2026.05.12 01:05:01;Buy Stop;0.01;XAUUSD;5 590.99;5 448.20;5 624.93;2026.05.13 12:15:00;4 694.69;;;;cancelled
2026.05.12 01:05:01;Sell Stop;0.01;XAUUSD;4 503.34;4 700.35;4 487.74;2026.05.12 21:10:00;4 680.05;;;;cancelled
2026.05.12 18:22:46;Sell;0.01;XAUUSD;4 650.32;4 648.76;4 635.23;2026.05.12 18:25:33;4 649.05;-0.19;;1.27;[sl]
2026.05.12 18:22:47;Sell;0.01;XAUUSD;4 650.11;4 649.57;4 624.50;2026.05.12 18:25:33;4 649.64;-0.19;;0.47;[sl]
2026.05.12 18:22:47;Sell;0.01;XAUUSD;4 649.71;4 648.27;4 633.77;2026.05.12 18:25:33;4 648.94;-0.19;;0.77;[sl]
2026.05.12 02:52:19;Buy;0.01;XAUUSD;4 762.04;4 762.04;4 838.98;2026.05.12 03:23:11;4 761.02;-0.19;;-1.02;[sl]
2026.05.12 02:52:19;Buy;0.01;XAUUSD;4 763.71;4 764.25;4 789.81;2026.05.12 03:22:52;4 764.21;-0.19;;0.50;[sl]
2026.05.12 02:52:19;Buy;0.01;XAUUSD;4 763.71;4 765.27;4 778.14;2026.05.12 03:22:35;4 765.21;-0.19;;1.50;[sl]
2026.05.12 02:52:19;Buy;0.01;XAUUSD;4 763.71;4 765.15;4 778.83;2026.05.12 03:00:23;4 764.73;-0.19;;1.02;[sl]
2026.04.24 01:05:00;Buy Stop;0.01;XAUUSD;4 887.91;4 871.32;4 966.13;2026.05.11 04:05:39;4 699.11;;;;cancelled
2026.04.24 01:05:00;Buy Stop;0.01;XAUUSD;4 886.96;4 863.26;4 984.14;2026.05.11 04:05:39;4 698.62;;;;cancelled
2026.05.11 01:05:01;Sell Stop;0.01;XAUUSD;4 503.34;4 700.19;4 487.75;2026.05.11 04:05:38;4 699.30;;;;cancelled
2026.05.11 01:05:00;Buy Stop;0.01;XAUUSD;4 762.54;4 565.69;4 778.13;2026.05.11 04:05:38;4 699.77;;;;cancelled
2026.05.08 19:00:00;Buy Stop;0.01;XAUUSD;4 763.70;4 723.10;4 789.86;2026.05.11 04:05:38;4 699.82;;;;cancelled
2026.05.08 01:05:00;Sell Stop;0.01;XAUUSD;4 502.15;4 525.61;4 405.98;2026.05.11 04:05:38;4 699.31;;;;cancelled
2026.05.07 01:05:00;Sell Stop;0.01;XAUUSD;4 503.25;4 519.21;4 428.03;2026.05.11 04:05:38;4 698.70;;;;cancelled
2026.05.06 06:00:00;Sell Stop;0.01;XAUUSD;4 503.34;4 525.95;4 364.83;2026.05.11 04:05:38;4 698.38;;;;cancelled
2026.05.04 01:05:00;Buy Stop;0.01;XAUUSD;4 889.83;4 866.71;5 031.46;2026.05.11 04:05:38;4 698.52;;;;cancelled
2026.05.11 03:52:47;Sell;0.01;XAUUSD;4 677.49;4 772.90;4 661.36;2026.05.11 04:05:37;4 699.50;-0.19;;-22.01;
2026.05.11 03:52:45;Sell;0.01;XAUUSD;4 678.21;4 875.12;4 662.81;2026.05.11 04:05:37;4 698.98;-0.19;;-20.77;
2026.05.11 01:05:03;Sell Stop;0.01;XAUUSD;4 503.12;4 543.60;4 477.03;2026.05.11 04:05:37;4 698.71;;;;cancelled
2026.05.11 01:05:02;Buy Stop;0.01;XAUUSD;4 762.62;4 667.27;4 778.81;2026.05.11 04:05:37;4 699.31;;;;cancelled
2026.05.11 01:05:01;Sell Stop;0.01;XAUUSD;4 101.91;4 244.58;4 068.00;2026.05.11 04:05:37;4 699.06;;;;cancelled
2026.05.11 01:05:01;Buy Stop;0.01;XAUUSD;5 591.00;5 448.33;5 624.91;2026.05.11 04:05:37;4 699.52;;;;cancelled
2026.05.11 04:00:00;Sell Stop;0.01;XAUUSD;4 502.49;4 597.84;4 486.30;2026.05.11 04:05:36;4 698.33;;;;cancelled
2026.05.11 03:52:46;Sell;0.01;XAUUSD;4 677.89;4 718.43;4 652.09;2026.05.11 04:05:36;4 699.38;-0.19;;-21.49;
2026.05.11 03:17:11;Sell;0.01;XAUUSD;4 677.78;4 875.25;4 662.81;2026.05.11 03:18:00;4 680.29;-0.19;;-2.51;
2026.05.11 03:17:11;Sell;0.01;XAUUSD;4 677.78;4 718.66;4 652.09;2026.05.11 03:18:00;4 680.40;-0.19;;-2.62;
2026.05.11 03:17:11;Sell;0.01;XAUUSD;4 676.82;4 772.90;4 661.36;2026.05.11 03:18:00;4 680.38;-0.19;;-3.56;
2026.05.08 08:15:00;Sell Stop;0.01;XAUUSD;4 503.13;4 543.73;4 476.97;2026.05.11 01:05:03;4 685.07;;;;cancelled
2026.05.08 21:00:00;Sell Stop;0.01;XAUUSD;4 677.55;4 773.18;4 661.31;2026.05.11 01:05:02;4 685.01;;;;cancelled
2026.05.08 15:00:00;Buy Stop;0.01;XAUUSD;4 762.61;4 666.98;4 778.85;2026.05.11 01:05:02;4 685.71;;;;cancelled
2026.05.08 04:00:00;Sell Stop;0.01;XAUUSD;4 502.49;4 598.12;4 486.25;2026.05.11 01:05:02;4 685.07;;;;cancelled
2026.05.08 10:15:00;Sell Stop;0.01;XAUUSD;4 101.92;4 245.00;4 067.91;2026.05.11 01:05:01;4 684.86;;;;cancelled
2026.05.08 10:15:00;Buy Stop;0.01;XAUUSD;5 590.98;5 447.90;5 624.99;2026.05.11 01:05:01;4 685.61;;;;cancelled
2026.05.08 20:00:00;Buy Stop;0.01;XAUUSD;4 762.53;4 565.11;4 778.17;2026.05.11 01:05:00;4 686.90;;;;cancelled
2026.05.08 09:00:00;Sell Stop;0.01;XAUUSD;4 503.34;4 700.76;4 487.70;2026.05.11 01:05:00;4 686.38;;;;cancelled
2026.05.06 23:15:00;Sell Stop;0.01;XAUUSD;4 101.79;4 239.73;4 069.00;2026.05.08 10:15:00;4 715.22;;;;cancelled
2026.05.06 23:15:00;Buy Stop;0.01;XAUUSD;5 591.21;5 453.27;5 624.00;2026.05.08 10:15:00;4 715.37;;;;cancelled
2026.05.07 13:00:00;Sell Stop;0.01;XAUUSD;4 503.26;4 695.11;4 488.06;2026.05.08 09:00:00;4 728.23;;;;cancelled
2026.05.05 20:00:01;Sell Stop;0.01;XAUUSD;4 503.09;4 543.17;4 477.26;2026.05.08 08:15:00;4 712.28;;;;cancelled
2026.05.06 22:00:00;Sell Stop;0.01;XAUUSD;4 502.42;4 594.61;4 486.76;2026.05.08 04:00:00;4 701.29;;;;cancelled
2026.04.24 01:05:00;Sell Stop;0.01;XAUUSD;4 099.83;4 123.53;4 002.65;2026.05.08 01:05:00;4 693.40;;;;cancelled
2026.05.06 17:00:00;Sell Stop;0.01;XAUUSD;4 503.24;4 693.57;4 488.16;2026.05.07 13:00:00;4 728.33;;;;cancelled
2026.05.05 12:15:00;Sell Stop;0.01;XAUUSD;4 101.88;4 243.14;4 068.30;2026.05.06 23:15:00;4 699.05;;;;cancelled
2026.05.05 12:15:00;Buy Stop;0.01;XAUUSD;5 591.06;5 449.80;5 624.64;2026.05.06 23:15:00;4 699.11;;;;cancelled
2026.05.05 16:00:00;Sell Stop;0.01;XAUUSD;4 502.47;4 596.88;4 486.44;2026.05.06 22:00:00;4 686.12;;;;cancelled
2026.05.05 21:00:00;Sell Stop;0.01;XAUUSD;4 503.31;4 698.22;4 487.87;2026.05.06 17:00:00;4 702.14;;;;cancelled
2026.05.06 08:56:29;Buy;0.01;XAUUSD;4 659.84;4 685.00;4 800.90;2026.05.06 15:01:46;4 684.86;-0.19;;25.02;[sl]
2026.05.06 08:56:29;Buy;0.01;XAUUSD;4 659.84;4 660.36;4 684.94;2026.05.06 09:42:09;4 660.31;-0.19;;0.47;[sl]
2026.05.06 08:56:25;Buy;0.01;XAUUSD;4 658.01;4 659.52;4 673.44;2026.05.06 09:04:51;4 659.31;-0.19;;1.30;[sl]
2026.05.06 08:56:25;Buy;0.01;XAUUSD;4 658.12;4 659.51;4 674.11;2026.05.06 09:04:50;4 659.37;-0.19;;1.25;[sl]
2026.05.04 14:00:00;Buy Stop;0.01;XAUUSD;4 658.09;4 563.82;4 674.10;2026.05.05 20:00:00;4 561.38;;;;cancelled
2026.05.04 19:00:00;Buy Stop;0.01;XAUUSD;4 658.00;4 463.38;4 673.42;2026.05.05 15:00:00;4 563.04;;;;cancelled
2026.05.04 01:05:01;Sell Stop;0.01;XAUUSD;4 101.87;4 242.92;4 068.34;2026.05.05 12:15:00;4 557.82;;;;cancelled
2026.05.04 01:05:01;Buy Stop;0.01;XAUUSD;5 591.07;5 450.02;5 624.60;2026.05.05 12:15:00;4 557.89;;;;cancelled
2026.05.04 19:07:59;Sell;0.01;XAUUSD;4 509.24;4 603.55;4 541.73;2026.05.05 05:55:00;4 541.69;-0.18;0.19;-32.45;[tp]
2026.05.04 18:51:30;Sell;0.01;XAUUSD;4 513.20;4 535.68;4 373.78;2026.05.05 04:05:01;4 535.73;-0.18;0.19;-22.53;[sl]
2026.05.04 19:07:54;Sell;0.01;XAUUSD;4 512.69;4 528.93;4 436.58;2026.05.04 20:17:20;4 529.17;-0.18;;-16.48;[sl]
2026.05.04 19:07:54;Sell;0.01;XAUUSD;4 512.69;4 512.16;4 486.91;2026.05.04 19:11:41;4 512.17;-0.18;;0.52;[sl]
2026.05.04 18:51:30;Sell;0.01;XAUUSD;4 512.53;4 512.00;4 486.91;2026.05.04 19:11:41;4 512.17;-0.18;;0.36;[sl]
2026.05.04 19:07:54;Sell;0.01;XAUUSD;4 512.69;4 511.15;4 497.49;2026.05.04 19:11:26;4 511.20;-0.18;;1.49;[sl]
2026.05.04 18:51:30;Sell;0.01;XAUUSD;4 512.53;4 510.99;4 497.49;2026.05.04 19:11:26;4 511.30;-0.18;;1.23;[sl]
2026.05.04 18:51:30;Sell;0.01;XAUUSD;4 512.22;4 528.52;4 436.58;2026.05.04 18:53:43;4 528.35;-0.18;;-16.13;[sl]
2026.05.04 13:03:52;Sell;0.01;XAUUSD;4 561.89;4 547.14;4 536.64;2026.05.04 13:18:21;4 536.42;-0.18;;25.47;[tp]
2026.04.30 17:00:00;Sell Stop;0.01;XAUUSD;4 512.68;4 552.46;4 487.04;2026.05.04 01:05:02;4 624.51;;;;cancelled
2026.05.01 19:00:00;Sell Stop;0.01;XAUUSD;4 512.04;4 604.68;4 496.31;2026.05.04 01:05:01;4 624.53;;;;cancelled
2026.05.01 10:15:00;Sell Stop;0.01;XAUUSD;4 101.81;4 240.42;4 068.86;2026.05.04 01:05:01;4 624.77;;;;cancelled
2026.05.01 10:15:00;Buy Stop;0.01;XAUUSD;5 591.18;5 452.57;5 624.13;2026.05.04 01:05:01;4 625.06;;;;cancelled
2026.05.01 14:00:00;Sell Stop;0.01;XAUUSD;4 512.87;4 704.12;4 497.72;2026.05.04 01:05:00;4 624.98;;;;cancelled
2026.04.24 01:05:00;Buy Stop;0.01;XAUUSD;4 889.80;4 866.10;5 034.98;2026.05.04 01:05:00;4 625.07;;;;cancelled
2026.05.03 17:11:58;Balance;;;;;;;;;;-92.00;
2026.04.30 13:00:00;Sell Stop;0.01;XAUUSD;4 512.06;4 605.76;4 496.15;2026.05.01 19:00:00;4 642.92;;;;cancelled
2026.05.01 17:12:18;Buy;0.01;XAUUSD;4 646.34;4 646.86;4 670.81;2026.05.01 17:25:26;4 646.74;-0.19;;0.40;[sl]
2026.05.01 17:12:17;Buy;0.01;XAUUSD;4 644.48;4 648.84;4 660.14;2026.05.01 17:15:31;4 660.15;-0.19;;15.67;[tp]
2026.05.01 17:12:18;Buy;0.01;XAUUSD;4 644.55;4 646.06;4 659.48;2026.05.01 17:13:25;4 659.56;-0.19;;15.01;[tp]
2026.04.30 18:00:00;Sell Stop;0.01;XAUUSD;4 512.90;4 706.34;4 497.58;2026.05.01 14:00:00;4 567.57;;;;cancelled
2026.04.29 23:15:00;Sell Stop;0.01;XAUUSD;4 101.92;4 244.73;4 067.97;2026.05.01 10:15:00;4 596.08;;;;cancelled
2026.04.29 23:15:00;Buy Stop;0.01;XAUUSD;5 590.99;5 448.18;5 624.94;2026.05.01 10:15:00;4 596.10;;;;cancelled
2026.04.28 12:15:00;Sell Stop;0.01;XAUUSD;4 101.93;4 245.21;4 067.87;2026.04.29 23:15:00;4 546.45;;;;cancelled
2026.04.28 12:15:00;Buy Stop;0.01;XAUUSD;5 590.97;5 447.69;5 625.03;2026.04.29 23:15:00;4 546.80;;;;cancelled
2026.04.29 12:50:11;Sell;0.01;XAUUSD;4 556.50;4 552.01;4 540.69;2026.04.29 16:02:00;4 552.21;-0.18;;4.29;[sl]
2026.04.27 01:05:02;Buy Stop;0.01;XAUUSD;4 889.91;4 849.24;4 916.12;2026.04.29 13:15:00;4 568.11;;;;cancelled
2026.04.28 08:06:16;Sell;0.01;XAUUSD;4 658.99;4 598.11;4 516.81;2026.04.28 15:20:46;4 598.34;-0.19;;60.65;[sl]
2026.04.28 08:40:01;Sell;0.01;XAUUSD;4 632.41;4 597.57;4 489.90;2026.04.28 15:20:46;4 597.80;-0.19;;34.61;[sl]
2026.04.27 01:05:01;Sell Stop;0.01;XAUUSD;4 101.93;4 245.27;4 067.86;2026.04.28 12:15:00;4 625.38;;;;cancelled
2026.04.27 01:05:01;Buy Stop;0.01;XAUUSD;5 590.97;5 447.63;5 625.04;2026.04.28 12:15:00;4 625.34;;;;cancelled
2026.04.28 08:06:16;Sell;0.01;XAUUSD;4 658.99;4 658.45;4 634.14;2026.04.28 08:20:15;4 658.68;-0.19;;0.31;[sl]
2026.04.28 08:06:16;Sell;0.01;XAUUSD;4 658.99;4 657.42;4 644.91;2026.04.28 08:20:13;4 657.88;-0.19;;1.11;[sl]
2026.04.28 08:06:16;Sell;0.01;XAUUSD;4 658.99;4 657.54;4 643.45;2026.04.28 08:20:13;4 658.01;-0.19;;0.98;[sl]
2026.04.27 09:00:00;Sell Stop;0.01;XAUUSD;4 660.57;4 858.34;4 644.90;2026.04.28 05:00:00;4 670.87;;;;cancelled
2026.04.27 01:05:00;Buy Stop;0.01;XAUUSD;4 888.74;4 690.97;4 904.41;2026.04.27 21:05:00;4 680.49;;;;cancelled
2026.04.24 01:05:01;Buy Stop;0.01;XAUUSD;4 889.90;4 848.87;4 916.34;2026.04.27 01:05:01;4 696.83;;;;cancelled
2026.04.24 01:05:01;Buy Stop;0.01;XAUUSD;4 888.80;4 792.16;4 905.21;2026.04.27 01:05:01;4 696.83;;;;cancelled
2026.04.24 21:05:00;Buy Stop;0.01;XAUUSD;4 888.72;4 689.21;4 904.52;2026.04.27 01:05:00;4 697.11;;;;cancelled
2026.04.24 01:05:01;Sell Stop;0.01;XAUUSD;4 101.96;4 246.55;4 067.59;2026.04.27 01:05:00;4 696.79;;;;cancelled
2026.04.24 01:05:00;Buy Stop;0.01;XAUUSD;5 590.91;5 446.32;5 625.28;2026.04.27 01:05:00;4 697.27;;;;cancelled
2026.04.24 01:05:00;Buy Stop;0.01;XAUUSD;4 888.72;4 689.21;4 904.52;2026.04.24 21:05:00;4 722.69;;;;cancelled
2026.04.21 02:00:00;Buy Stop;0.01;XAUUSD;4 889.79;4 865.83;5 036.52;2026.04.23 20:53:16;4 691.07;;;;cancelled
2026.04.16 01:05:00;Sell Stop;0.01;XAUUSD;4 099.86;4 124.06;4 000.65;2026.04.23 20:53:16;4 690.74;;;;cancelled
2026.04.13 01:05:00;Sell Stop;0.01;XAUUSD;4 101.03;4 117.71;4 022.38;2026.04.23 20:53:16;4 691.35;;;;cancelled
2026.04.22 23:15:00;Buy Stop;0.01;XAUUSD;5 590.80;5 443.73;5 625.76;2026.04.23 20:53:15;4 688.78;;;;cancelled
2026.04.23 20:45:29;Sell;0.01;XAUUSD;4 671.26;4 712.17;4 644.28;2026.04.23 20:53:15;4 688.71;-0.19;;-17.45;
2026.04.23 20:46:40;Sell;0.01;XAUUSD;4 670.05;4 766.32;4 653.83;2026.04.23 20:53:15;4 688.58;-0.19;;-18.53;
2026.04.22 14:00:00;Sell Stop;0.01;XAUUSD;4 635.13;4 659.24;4 487.46;2026.04.23 20:53:15;4 688.07;;;;cancelled
2026.04.22 01:05:00;Buy Stop;0.01;XAUUSD;4 887.86;4 870.98;4 967.42;2026.04.23 20:53:15;4 690.00;;;;cancelled
2026.04.23 05:00:00;Buy Stop;0.01;XAUUSD;4 889.90;4 849.05;4 916.22;2026.04.23 20:53:14;4 689.01;;;;cancelled
2026.04.23 01:05:01;Buy Stop;0.01;XAUUSD;4 888.81;4 792.60;4 905.15;2026.04.23 20:53:14;4 689.17;;;;cancelled
2026.04.23 20:45:27;Sell;0.01;XAUUSD;4 671.36;4 869.96;4 655.60;2026.04.23 20:53:14;4 688.73;-0.19;;-17.37;
2026.04.23 01:05:00;Buy Stop;0.01;XAUUSD;4 886.98;4 863.38;4 983.74;2026.04.23 20:53:14;4 688.91;;;;cancelled
2026.04.22 23:15:00;Sell Stop;0.01;XAUUSD;4 102.03;4 249.10;4 067.07;2026.04.23 20:53:14;4 688.41;;;;cancelled
2026.04.23 20:45:27;Sell;0.01;XAUUSD;4 671.36;4 695.03;4 526.88;2026.04.23 20:53:13;4 689.59;-0.19;;-18.23;
2026.04.23 06:00:00;Buy Stop;0.01;XAUUSD;4 888.73;4 690.10;4 904.46;2026.04.23 20:53:13;4 689.41;;;;cancelled
2026.04.22 10:00:00;Buy Stop;0.01;XAUUSD;4 888.68;4 685.76;4 904.75;2026.04.23 06:00:00;4 699.56;;;;cancelled
2026.04.20 17:00:00;Buy Stop;0.01;XAUUSD;4 889.88;4 848.42;4 916.60;2026.04.23 05:00:00;4 723.48;;;;cancelled
2026.04.21 19:00:00;Buy Stop;0.01;XAUUSD;4 888.78;4 791.11;4 905.37;2026.04.23 01:05:00;4 742.00;;;;cancelled
2026.04.13 01:05:00;Buy Stop;0.01;XAUUSD;5 415.09;5 391.26;5 512.81;2026.04.23 01:05:00;4 742.01;;;;cancelled
2026.04.21 12:15:00;Sell Stop;0.01;XAUUSD;4 102.00;4 248.13;4 067.26;2026.04.22 23:15:00;4 736.02;;;;cancelled
2026.04.21 12:15:00;Buy Stop;0.01;XAUUSD;5 590.84;5 444.71;5 625.58;2026.04.22 23:15:00;4 736.10;;;;cancelled
2026.04.14 14:00:00;Sell Stop;0.01;XAUUSD;4 635.02;4 658.18;4 493.15;2026.04.22 14:00:00;4 759.46;;;;cancelled
2026.04.20 01:05:01;Sell Stop;0.01;XAUUSD;4 634.79;4 676.25;4 608.07;2026.04.22 13:15:00;4 748.48;;;;cancelled
2026.04.21 14:00:00;Buy Stop;0.01;XAUUSD;4 888.69;4 687.06;4 904.66;2026.04.22 10:00:00;4 767.58;;;;cancelled
2026.04.21 17:46:38;Sell;0.01;XAUUSD;4 739.93;4 711.51;4 593.34;2026.04.21 23:35:24;4 711.61;-0.19;;28.32;[sl]
2026.04.20 13:00:00;Buy Stop;0.01;XAUUSD;4 888.78;4 791.11;4 905.36;2026.04.21 19:00:00;4 742.31;;;;cancelled
2026.04.21 17:46:38;Sell;0.01;XAUUSD;4 739.54;4 738.99;4 713.03;2026.04.21 17:54:46;4 739.05;-0.19;;0.49;[sl]
2026.04.21 17:46:38;Sell;0.01;XAUUSD;4 738.96;4 736.46;4 722.53;2026.04.21 17:53:03;4 736.78;-0.19;;2.18;[sl]
2026.04.21 17:46:38;Sell;0.01;XAUUSD;4 739.93;4 738.33;4 724.00;2026.04.21 17:50:52;4 723.99;-0.19;;15.94;[tp]
2026.04.20 21:05:00;Sell Stop;0.01;XAUUSD;4 635.01;4 836.64;4 619.04;2026.04.21 17:05:00;4 780.45;;;;cancelled
2026.04.20 18:00:00;Buy Stop;0.01;XAUUSD;4 888.69;4 687.06;4 904.66;2026.04.21 14:00:00;4 789.96;;;;cancelled
2026.04.20 01:05:01;Sell Stop;0.01;XAUUSD;4 102.00;4 248.13;4 067.26;2026.04.21 12:15:00;4 784.35;;;;cancelled
2026.04.20 01:05:01;Buy Stop;0.01;XAUUSD;5 590.84;5 444.71;5 625.58;2026.04.21 12:15:00;4 784.43;;;;cancelled
2026.04.20 01:05:00;Sell Stop;0.01;XAUUSD;4 635.01;4 836.64;4 619.04;2026.04.20 21:05:00;4 811.48;;;;cancelled
2026.04.17 15:00:00;Sell Stop;0.01;XAUUSD;4 634.15;4 731.86;4 617.56;2026.04.20 01:05:01;4 774.00;;;;cancelled
2026.04.16 14:00:00;Sell Stop;0.01;XAUUSD;4 634.82;4 676.70;4 607.83;2026.04.20 01:05:01;4 774.11;;;;cancelled
2026.04.17 11:00:00;Sell Stop;0.01;XAUUSD;4 635.02;4 836.73;4 619.04;2026.04.20 01:05:00;4 773.83;;;;cancelled
2026.04.17 10:15:00;Sell Stop;0.01;XAUUSD;4 102.00;4 248.19;4 067.25;2026.04.20 01:05:00;4 774.01;;;;cancelled
2026.04.17 10:15:00;Buy Stop;0.01;XAUUSD;5 590.84;5 444.65;5 625.59;2026.04.20 01:05:00;4 774.73;;;;cancelled
2026.04.17 16:10:53;Buy;0.01;XAUUSD;4 870.37;4 846.35;5 018.48;2026.04.17 23:05:48;4 846.18;-0.19;;-24.19;[sl]
2026.04.17 16:10:53;Buy;0.01;XAUUSD;4 870.37;4 870.92;4 897.35;2026.04.17 16:16:46;4 870.29;-0.19;;-0.08;[sl]
2026.04.17 16:10:53;Buy;0.01;XAUUSD;4 869.66;4 873.93;4 885.86;2026.04.17 16:13:24;4 887.29;-0.19;;17.63;[tp]
2026.04.17 16:10:52;Buy;0.01;XAUUSD;4 869.19;4 870.79;4 885.16;2026.04.17 16:13:11;4 885.22;-0.19;;16.03;[tp]
2026.04.17 15:48:12;Buy;0.01;XAUUSD;4 839.26;4 795.86;4 864.07;2026.04.17 15:49:00;4 830.99;-0.19;;-8.27;
2026.04.16 09:00:00;Sell Stop;0.01;XAUUSD;4 634.17;4 732.82;4 617.42;2026.04.17 15:00:00;4 800.16;;;;cancelled
2026.04.16 15:00:00;Sell Stop;0.01;XAUUSD;4 635.04;4 838.70;4 618.91;2026.04.17 11:00:00;4 784.72;;;;cancelled
2026.04.15 23:15:00;Sell Stop;0.01;XAUUSD;4 101.96;4 246.63;4 067.57;2026.04.17 10:15:00;4 787.35;;;;cancelled
2026.04.15 23:15:00;Buy Stop;0.01;XAUUSD;5 590.91;5 446.24;5 625.30;2026.04.17 10:15:00;4 787.46;;;;cancelled
2026.04.16 01:05:00;Buy Stop;0.01;XAUUSD;4 869.25;4 770.60;4 886.00;2026.04.17 07:15:01;4 795.55;;;;cancelled
2026.04.16 06:00:00;Buy Stop;0.01;XAUUSD;4 869.16;4 665.50;4 885.29;2026.04.17 02:00:00;4 794.77;;;;cancelled
2026.04.15 19:00:00;Sell Stop;0.01;XAUUSD;4 634.99;4 834.60;4 619.18;2026.04.16 15:00:00;4 822.31;;;;cancelled
2026.04.14 02:00:00;Sell Stop;0.01;XAUUSD;4 634.70;4 674.79;4 608.86;2026.04.16 14:00:00;4 817.66;;;;cancelled
2026.04.15 03:00:00;Sell Stop;0.01;XAUUSD;4 634.13;4 730.82;4 617.71;2026.04.16 09:00:00;4 821.29;;;;cancelled
2026.03.27 00:05:00;Sell Stop;0.01;XAUUSD;4 099.75;4 122.30;4 007.31;2026.04.16 01:05:00;4 798.35;;;;cancelled
2026.04.14 12:15:00;Sell Stop;0.01;XAUUSD;4 101.88;4 243.17;4 068.29;2026.04.15 23:15:00;4 793.78;;;;cancelled
2026.04.14 12:15:00;Buy Stop;0.01;XAUUSD;5 591.06;5 449.77;5 624.65;2026.04.15 23:15:00;4 793.85;;;;cancelled
2026.04.14 23:00:00;Sell Stop;0.01;XAUUSD;4 634.92;4 829.87;4 619.48;2026.04.15 19:00:00;4 801.67;;;;cancelled
2026.04.13 01:05:03;Sell Stop;0.01;XAUUSD;4 610.10;4 651.35;4 583.52;2026.04.15 13:15:00;4 801.20;;;;cancelled
2026.04.07 10:00:00;Sell Stop;0.01;XAUUSD;4 354.17;4 377.41;4 211.85;2026.04.15 10:00:00;4 811.81;;;;cancelled
2026.04.15 04:16:12;Buy;0.01;XAUUSD;4 857.77;4 834.09;5 002.23;2026.04.15 05:25:34;4 833.84;-0.19;;-23.93;[sl]
2026.04.15 04:16:11;Buy;0.01;XAUUSD;4 856.96;4 858.54;4 872.09;2026.04.15 04:20:49;4 856.95;-0.19;;-0.01;[sl]
2026.04.15 04:16:10;Buy;0.01;XAUUSD;4 855.92;4 858.34;4 934.42;2026.04.15 04:20:49;4 856.95;-0.19;;1.03;[sl]
2026.04.15 04:16:13;Buy;0.01;XAUUSD;4 859.26;4 859.81;4 883.64;2026.04.15 04:20:41;4 859.78;-0.19;;0.52;[sl]
2026.04.15 04:16:11;Buy;0.01;XAUUSD;4 856.96;4 861.25;4 872.77;2026.04.15 04:20:40;4 860.88;-0.19;;3.92;[sl]
2026.04.13 21:00:00;Sell Stop;0.01;XAUUSD;4 634.14;4 731.31;4 617.64;2026.04.15 03:00:00;4 837.53;;;;cancelled
2026.04.14 03:00:00;Sell Stop;0.01;XAUUSD;4 634.92;4 829.87;4 619.48;2026.04.14 23:00:00;4 845.11;;;;cancelled
2026.04.14 16:38:28;Buy;0.01;XAUUSD;4 802.40;4 802.93;4 826.92;2026.04.14 17:39:24;4 802.88;-0.19;;0.48;[sl]
2026.04.14 16:38:11;Buy;0.01;XAUUSD;4 799.59;4 801.13;4 815.05;2026.04.14 17:33:06;4 815.18;-0.19;;15.59;[tp]
2026.04.13 21:10:00;Sell Stop;0.01;XAUUSD;4 610.32;4 810.92;4 594.43;2026.04.14 17:10:00;4 802.07;;;;cancelled
2026.04.13 01:05:02;Sell Stop;0.01;XAUUSD;4 101.98;4 247.37;4 067.42;2026.04.14 12:15:00;4 785.70;;;;cancelled
2026.04.13 01:05:02;Buy Stop;0.01;XAUUSD;5 590.88;5 445.49;5 625.44;2026.04.14 12:15:00;4 785.81;;;;cancelled
2026.04.13 01:05:03;Sell Stop;0.01;XAUUSD;4 609.46;4 706.63;4 592.96;2026.04.14 07:15:00;4 768.84;;;;cancelled
2026.04.13 01:05:03;Buy Stop;0.01;XAUUSD;4 856.67;4 759.50;4 873.17;2026.04.14 07:15:00;4 768.89;;;;cancelled
2026.04.13 01:05:01;Sell Stop;0.01;XAUUSD;4 610.32;4 810.92;4 594.43;2026.04.13 21:10:00;4 729.47;;;;cancelled
2026.04.13 01:05:01;Buy Stop;0.01;XAUUSD;4 799.16;4 598.56;4 815.05;2026.04.13 21:10:00;4 729.52;;;;cancelled
2026.04.10 21:00:00;Buy Stop;0.01;XAUUSD;4 800.35;4 759.50;4 826.68;2026.04.13 09:00:00;4 729.56;;;;cancelled
2026.04.09 04:00:00;Buy Stop;0.01;XAUUSD;4 857.78;4 816.94;4 884.10;2026.04.13 01:05:03;4 670.45;;;;cancelled
2026.04.08 18:00:00;Sell Stop;0.01;XAUUSD;4 610.03;4 650.27;4 584.10;2026.04.13 01:05:03;4 669.20;;;;cancelled
2026.04.10 10:30:00;Sell Stop;0.01;XAUUSD;4 101.95;4 245.93;4 067.73;2026.04.13 01:05:02;4 669.48;;;;cancelled
2026.04.10 10:15:00;Buy Stop;0.01;XAUUSD;5 590.94;5 446.96;5 625.16;2026.04.13 01:05:02;4 670.68;;;;cancelled
2026.04.10 05:00:00;Buy Stop;0.01;XAUUSD;4 856.69;4 760.46;4 873.03;2026.04.13 01:05:02;4 670.67;;;;cancelled
2026.04.09 20:00:00;Sell Stop;0.01;XAUUSD;4 609.44;4 705.65;4 593.10;2026.04.13 01:05:02;4 669.34;;;;cancelled
2026.04.10 22:00:00;Buy Stop;0.01;XAUUSD;4 799.18;4 600.53;4 814.92;2026.04.13 01:05:01;4 671.33;;;;cancelled
2026.04.10 21:05:00;Buy Stop;0.01;XAUUSD;4 856.61;4 657.96;4 872.35;2026.04.13 01:05:01;4 671.04;;;;cancelled
2026.04.10 11:00:00;Sell Stop;0.01;XAUUSD;4 610.29;4 808.94;4 594.55;2026.04.13 01:05:01;4 669.73;;;;cancelled
2026.04.10 04:00:00;Sell Stop;0.01;XAUUSD;4 700.22;4 741.07;4 673.89;2026.04.13 01:05:00;4 669.45;;;;
2026.03.26 00:05:00;Sell Stop;0.01;XAUUSD;4 100.85;4 116.50;4 027.08;2026.04.13 01:05:00;4 670.21;;;;cancelled
2026.03.23 11:25:03;Buy Stop;0.01;XAUUSD;5 415.19;5 391.94;5 510.51;2026.04.13 01:05:00;4 669.62;;;;cancelled
2026.04.10 01:05:00;Buy Stop;0.01;XAUUSD;4 856.61;4 657.96;4 872.35;2026.04.10 21:05:00;4 753.50;;;;cancelled
2026.04.09 15:00:00;Sell Stop;0.01;XAUUSD;4 610.29;4 808.91;4 594.56;2026.04.10 11:00:00;4 749.78;;;;cancelled
2026.04.08 23:15:01;Sell Stop;0.01;XAUUSD;4 101.89;4 243.71;4 068.18;2026.04.10 10:30:00;4 753.90;;;;cancelled
2026.04.08 23:15:00;Buy Stop;0.01;XAUUSD;5 591.04;5 449.22;5 624.75;2026.04.10 10:15:00;4 747.34;;;;cancelled
2026.04.08 23:00:00;Buy Stop;0.01;XAUUSD;4 856.72;4 761.93;4 872.82;2026.04.10 05:00:00;4 765.09;;;;cancelled
2026.04.09 05:00:00;Buy Stop;0.01;XAUUSD;4 856.61;4 657.99;4 872.34;2026.04.10 01:05:00;4 772.67;;;;cancelled
2026.04.08 14:00:00;Sell Stop;0.01;XAUUSD;4 609.41;4 704.20;4 593.31;2026.04.09 20:00:00;4 789.35;;;;cancelled
2026.04.08 19:00:00;Sell Stop;0.01;XAUUSD;4 610.25;4 805.93;4 594.75;2026.04.09 15:00:00;4 756.90;;;;cancelled
2026.04.07 12:15:00;Sell Stop;0.01;XAUUSD;4 101.89;4 243.63;4 068.20;2026.04.08 23:15:00;4 728.00;;;;cancelled
2026.04.07 12:15:00;Buy Stop;0.01;XAUUSD;5 591.04;5 449.30;5 624.73;2026.04.08 23:15:00;4 728.06;;;;cancelled
2026.04.08 03:00:00;Sell Stop;0.01;XAUUSD;4 556.17;4 751.85;4 540.67;2026.04.08 23:00:00;4 730.83;;;;cancelled
2026.04.06 10:00:00;Sell Stop;0.01;XAUUSD;4 556.01;4 597.20;4 529.46;2026.04.08 22:00:00;4 704.45;;;;cancelled
2026.04.07 12:00:00;Sell Stop;0.01;XAUUSD;4 555.33;4 650.06;4 539.24;2026.04.08 18:00:00;4 736.01;;;;cancelled
2026.04.06 01:05:02;Sell Stop;0.01;XAUUSD;4 353.92;4 395.11;4 327.37;2026.04.08 13:15:00;4 782.62;;;;cancelled
2026.03.31 12:00:00;Buy Stop;0.01;XAUUSD;5 237.33;5 214.87;5 374.89;2026.04.08 12:00:00;4 794.16;;;;cancelled
2026.04.07 07:00:00;Sell Stop;0.01;XAUUSD;4 556.17;4 751.74;4 540.68;2026.04.08 03:00:00;4 833.28;;;;cancelled
2026.04.08 01:54:37;Buy;0.01;XAUUSD;4 798.95;4 806.42;4 873.92;2026.04.08 02:00:45;4 804.49;-0.19;;5.54;[sl]
2026.04.08 01:54:37;Buy;0.01;XAUUSD;4 799.95;4 805.76;4 944.81;2026.04.08 02:00:45;4 804.51;-0.19;;4.56;[sl]
2026.04.08 01:54:37;Buy;0.01;XAUUSD;4 799.95;4 810.03;4 825.67;2026.04.08 02:00:37;4 809.13;-0.19;;9.18;[sl]
2026.04.08 01:54:37;Buy;0.01;XAUUSD;4 800.13;4 801.56;4 814.17;2026.04.08 01:56:17;4 814.18;-0.19;;14.05;[tp]
2026.04.08 01:54:37;Buy;0.01;XAUUSD;4 800.13;4 801.68;4 813.48;2026.04.08 01:56:16;4 813.62;-0.19;;13.49;[tp]
2026.03.23 11:25:03;Buy Stop;0.01;XAUUSD;5 416.12;5 399.85;5 492.84;2026.04.08 01:05:00;4 745.27;;;;cancelled
2026.04.07 22:45:54;Buy;0.01;XAUUSD;4 708.00;4 708.54;4 731.47;2026.04.07 23:44:07;4 708.45;-0.19;;0.45;[sl]
2026.04.07 22:45:54;Buy;0.01;XAUUSD;4 708.00;4 709.55;4 719.88;2026.04.07 23:44:06;4 709.27;-0.19;;1.27;[sl]
2026.04.07 22:45:55;Buy;0.01;XAUUSD;4 707.81;4 709.24;4 720.57;2026.04.07 22:47:13;4 709.25;-0.19;;1.44;[sl]
2026.04.07 01:05:00;Buy Stop;0.01;XAUUSD;4 797.99;4 602.42;4 813.48;2026.04.07 21:05:00;4 678.39;;;;cancelled
2026.04.06 01:05:01;Sell Stop;0.01;XAUUSD;4 101.98;4 247.16;4 067.47;2026.04.07 12:15:00;4 685.55;;;;cancelled
2026.04.06 01:05:01;Buy Stop;0.01;XAUUSD;5 590.88;5 445.70;5 625.39;2026.04.07 12:15:00;4 685.67;;;;cancelled
2026.04.06 06:00:00;Sell Stop;0.01;XAUUSD;4 555.37;4 652.40;4 538.89;2026.04.07 12:00:00;4 683.15;;;;cancelled
2026.03.30 10:00:00;Sell Stop;0.01;XAUUSD;4 354.01;4 375.90;4 219.96;2026.04.07 10:00:00;4 654.53;;;;cancelled
2026.04.06 01:05:02;Buy Stop;0.01;XAUUSD;4 798.02;4 700.99;4 814.50;2026.04.07 07:15:01;4 646.61;;;;cancelled
2026.04.06 11:00:00;Sell Stop;0.01;XAUUSD;4 556.24;4 756.56;4 540.37;2026.04.07 07:00:00;4 649.83;;;;cancelled
2026.04.06 04:00:00;Buy Stop;0.01;XAUUSD;4 797.94;4 597.62;4 813.81;2026.04.07 01:05:00;4 661.97;;;;cancelled
2026.04.06 01:05:00;Sell Stop;0.01;XAUUSD;4 354.15;4 554.47;4 338.28;2026.04.06 21:05:00;4 652.48;;;;cancelled
2026.04.01 13:15:00;Sell Stop;0.01;XAUUSD;4 353.79;4 392.84;4 328.63;2026.04.06 01:05:02;4 637.77;;;;cancelled
2026.04.02 22:00:00;Buy Stop;0.01;XAUUSD;4 798.06;4 702.86;4 814.23;2026.04.06 01:05:01;4 638.21;;;;cancelled
2026.04.01 23:15:00;Sell Stop;0.01;XAUUSD;4 101.78;4 239.40;4 069.07;2026.04.06 01:05:01;4 637.17;;;;cancelled
2026.04.01 23:15:00;Buy Stop;0.01;XAUUSD;5 591.23;5 453.61;5 623.94;2026.04.06 01:05:01;4 638.30;;;;cancelled
2026.04.02 10:00:00;Sell Stop;0.01;XAUUSD;4 354.09;4 550.62;4 338.52;2026.04.06 01:05:00;4 637.25;;;;cancelled
2026.04.01 13:15:00;Sell Stop;0.01;XAUUSD;4 353.18;4 445.16;4 337.56;2026.04.02 19:15:00;4 654.71;;;;cancelled
2026.04.01 14:00:00;Sell Stop;0.01;XAUUSD;4 354.00;4 543.89;4 338.96;2026.04.02 10:00:00;4 598.25;;;;cancelled
2026.03.31 12:15:00;Sell Stop;0.01;XAUUSD;4 101.76;4 238.76;4 069.19;2026.04.01 23:15:00;4 768.95;;;;cancelled
2026.03.31 12:15:00;Buy Stop;0.01;XAUUSD;5 591.25;5 454.25;5 623.82;2026.04.01 23:15:00;4 769.01;;;;cancelled
2026.03.24 20:00:00;Sell Stop;0.01;XAUUSD;4 100.95;4 123.19;3 964.72;2026.04.01 20:00:00;4 787.24;;;;cancelled
2026.03.31 18:00:00;Sell Stop;0.01;XAUUSD;4 353.98;4 543.01;4 339.01;2026.04.01 14:00:00;4 731.55;;;;cancelled
2026.03.31 07:15:00;Sell Stop;0.01;XAUUSD;4 353.17;4 444.73;4 337.62;2026.04.01 13:15:00;4 715.59;;;;cancelled
2026.03.30 01:05:03;Sell Stop;0.01;XAUUSD;4 353.71;4 391.59;4 329.30;2026.04.01 13:15:00;4 715.60;;;;cancelled
2026.03.30 22:00:00;Sell Stop;0.01;XAUUSD;4 353.91;4 538.12;4 339.32;2026.03.31 18:00:00;4 600.27;;;;cancelled
2026.03.30 01:05:01;Sell Stop;0.01;XAUUSD;4 101.67;4 235.18;4 069.93;2026.03.31 12:15:00;4 567.64;;;;cancelled
2026.03.30 01:05:01;Buy Stop;0.01;XAUUSD;5 591.41;5 457.90;5 623.15;2026.03.31 12:15:00;4 567.67;;;;cancelled
2026.03.23 11:25:03;Buy Stop;0.01;XAUUSD;5 237.29;5 214.04;5 379.69;2026.03.31 12:00:00;4 568.58;;;;cancelled
2026.03.30 01:05:02;Sell Stop;0.01;XAUUSD;4 353.12;4 442.35;4 337.97;2026.03.31 07:15:00;4 557.77;;;;cancelled
2026.03.31 04:41:14;Buy;0.01;XAUUSD;4 602.49;4 608.10;4 738.57;2026.03.31 04:46:45;4 607.23;-0.18;;4.74;[sl]
2026.03.31 04:41:14;Buy;0.01;XAUUSD;4 603.15;4 610.53;4 626.16;2026.03.31 04:46:28;4 610.20;-0.18;;7.05;[sl]
2026.03.31 04:41:10;Buy;0.01;XAUUSD;4 601.08;4 416.45;4 615.25;2026.03.31 04:43:55;4 615.42;-0.18;;14.34;[tp]
2026.03.31 04:41:11;Buy;0.01;XAUUSD;4 601.08;4 602.46;4 615.89;2026.03.31 04:42:33;4 602.37;-0.18;;1.29;[sl]
2026.03.30 02:00:00;Sell Stop;0.01;XAUUSD;4 353.91;4 538.12;4 339.32;2026.03.30 22:00:00;4 498.67;;;;cancelled
2026.03.30 01:05:00;Sell Stop;0.01;XAUUSD;4 100.81;4 285.02;4 086.22;2026.03.30 21:05:00;4 518.69;;;;cancelled
2026.03.30 01:05:00;Buy Stop;0.01;XAUUSD;4 600.66;4 416.45;4 615.25;2026.03.30 21:05:00;4 518.76;;;;cancelled
2026.03.27 07:00:00;Buy Stop;0.01;XAUUSD;4 600.68;4 508.76;4 616.29;2026.03.30 01:05:02;4 514.70;;;;cancelled
2026.03.26 22:00:00;Sell Stop;0.01;XAUUSD;4 100.66;4 139.35;4 075.72;2026.03.30 01:05:02;4 509.53;;;;cancelled
2026.03.26 18:00:00;Sell Stop;0.01;XAUUSD;4 100.06;4 191.20;4 084.58;2026.03.30 01:05:02;4 511.52;;;;cancelled
2026.03.26 05:00:00;Buy Stop;0.01;XAUUSD;4 601.73;4 563.04;4 626.67;2026.03.30 01:05:02;4 512.48;;;;cancelled
2026.03.27 20:30:00;Buy Stop;0.01;XAUUSD;5 591.23;5 453.69;5 623.92;2026.03.30 01:05:01;4 513.16;;;;cancelled
2026.03.27 19:00:00;Sell Stop;0.01;XAUUSD;4 353.18;4 445.10;4 337.57;2026.03.30 01:05:01;4 512.37;;;;cancelled
2026.03.27 00:05:00;Sell Stop;0.01;XAUUSD;4 101.78;4 239.32;4 069.09;2026.03.30 01:05:01;4 510.08;;;;cancelled
2026.03.27 22:00:00;Buy Stop;0.01;XAUUSD;4 600.60;4 410.83;4 615.63;2026.03.30 01:05:00;4 513.93;;;;cancelled
2026.03.27 20:05:00;Sell Stop;0.01;XAUUSD;4 100.89;4 290.66;4 085.86;2026.03.30 01:05:00;4 510.44;;;;cancelled
2026.03.27 02:00:00;Buy Stop;0.01;XAUUSD;4 600.60;4 410.83;4 615.63;2026.03.27 22:00:00;4 515.50;;;;cancelled
2026.03.26 09:30:00;Buy Stop;0.01;XAUUSD;5 591.28;5 454.91;5 623.70;2026.03.27 20:30:00;4 509.59;;;;cancelled
2026.03.27 00:05:00;Sell Stop;0.01;XAUUSD;4 100.89;4 290.66;4 085.86;2026.03.27 20:05:00;4 493.55;;;;cancelled
2026.03.26 01:00:00;Buy Stop;0.01;XAUUSD;4 600.70;4 509.56;4 616.18;2026.03.27 07:00:00;4 445.94;;;;cancelled
2026.03.26 06:00:00;Buy Stop;0.01;XAUUSD;4 600.62;4 412.46;4 615.52;2026.03.27 02:00:00;4 405.25;;;;cancelled
2026.03.23 11:25:03;Sell Stop;0.01;XAUUSD;3 888.30;3 911.55;3 792.98;2026.03.27 00:05:01;4 387.18;;;;cancelled
2026.03.26 03:00:00;Sell Stop;0.01;XAUUSD;4 100.87;4 289.03;4 085.97;2026.03.27 00:05:00;4 387.17;;;;cancelled
2026.03.24 10:00:00;Sell Stop;0.01;XAUUSD;4 100.65;4 139.15;4 075.84;2026.03.26 22:00:00;4 364.14;;;;cancelled
2026.03.25 12:00:00;Sell Stop;0.01;XAUUSD;4 100.04;4 189.99;4 084.77;2026.03.26 18:00:00;4 438.34;;;;cancelled
2026.03.24 22:30:00;Buy Stop;0.01;XAUUSD;5 591.31;5 455.63;5 623.56;2026.03.26 09:30:00;4 448.42;;;;cancelled
2026.03.25 07:00:00;Sell Stop;0.01;XAUUSD;4 100.84;4 286.54;4 086.13;2026.03.26 03:00:00;4 537.02;;;;cancelled
2026.03.25 03:30:00;Buy Stop;0.01;XAUUSD;5 042.28;4 856.58;5 056.99;2026.03.26 00:05:00;4 523.55;;;;cancelled
2026.03.23 11:25:04;Buy Stop;0.01;XAUUSD;5 043.32;5 003.08;5 069.25;2026.03.26 00:05:00;4 523.24;;;;cancelled
2026.03.24 06:00:00;Sell Stop;0.01;XAUUSD;4 100.05;4 190.73;4 084.65;2026.03.25 12:00:00;4 552.86;;;;cancelled
2026.03.24 11:00:00;Sell Stop;0.01;XAUUSD;4 100.86;4 288.07;4 086.03;2026.03.25 07:00:00;4 573.08;;;;cancelled
2026.03.24 07:30:00;Buy Stop;0.01;XAUUSD;5 042.26;4 855.05;5 057.09;2026.03.25 03:30:00;4 575.96;;;;cancelled
2026.03.23 11:25:03;Buy Stop;0.01;XAUUSD;5 591.04;5 449.22;5 624.75;2026.03.24 22:30:00;4 455.26;;;;cancelled
2026.03.23 11:25:03;Buy Stop;0.01;XAUUSD;5 042.24;4 947.46;5 058.34;2026.03.24 17:30:00;4 412.94;;;;cancelled
2026.03.23 11:25:03;Buy Stop;0.01;XAUUSD;5 042.16;4 846.48;5 057.66;2026.03.24 07:30:00;4 335.68;;;;cancelled
2026.03.16 15:04:45;Buy Stop;0.01;XAUUSD;5 237.18;5 211.78;5 392.73;2026.03.23 11:24:32;4 287.44;;;;cancelled
2026.03.16 15:04:45;Buy Stop;0.01;XAUUSD;5 415.84;5 398.06;5 499.65;2026.03.23 11:24:31;4 287.67;;;;cancelled
2026.03.19 07:57:50;Buy Stop;0.01;XAUUSD;5 414.82;5 389.42;5 518.95;2026.03.23 11:24:30;4 287.45;;;;cancelled
2026.03.23 00:05:01;Buy Stop;0.01;XAUUSD;5 042.16;4 846.48;5 057.66;2026.03.23 11:24:29;4 287.82;;;;cancelled
2026.03.23 00:05:02;Buy Stop;0.01;XAUUSD;5 591.04;5 449.22;5 624.75;2026.03.23 11:24:28;4 287.80;;;;cancelled
2026.03.23 03:00:00;Sell Stop;0.01;XAUUSD;3 888.30;3 911.55;3 792.98;2026.03.23 11:24:27;4 290.59;;;;cancelled
2026.03.23 00:05:03;Buy Stop;0.01;XAUUSD;5 042.24;4 947.46;5 058.34;2026.03.23 11:24:27;4 289.21;;;;cancelled
2026.03.23 08:00:01;Buy Stop;0.01;XAUUSD;5 043.32;5 003.08;5 069.25;2026.03.23 11:24:25;4 296.37;;;;cancelled
2026.03.20 20:00:00;Buy Stop;0.01;XAUUSD;5 043.28;5 001.54;5 070.18;2026.03.23 08:00:00;4 310.23;;;;cancelled
2026.03.23 02:34:43;Sell;0.01;XAUUSD;4 403.41;4 343.42;4 299.33;2026.03.23 02:38:09;4 343.82;-0.18;;59.59;[sl]
2026.03.20 16:00:00;Buy Stop;0.01;XAUUSD;5 042.16;4 943.84;5 058.86;2026.03.23 00:05:02;4 476.28;;;;cancelled
2026.03.19 13:15:00;Buy Stop;0.01;XAUUSD;5 590.55;5 437.90;5 626.84;2026.03.23 00:05:01;4 476.39;;;;cancelled
2026.03.20 21:00:00;Buy Stop;0.01;XAUUSD;5 042.08;4 839.11;5 058.16;2026.03.23 00:05:00;4 476.04;;;;cancelled
2026.03.20 20:50:33;Sell;0.01;XAUUSD;4 503.78;4 493.92;4 478.29;2026.03.20 20:57:08;4 478.12;-0.18;;25.66;[tp]
2026.03.20 20:50:33;Sell;0.01;XAUUSD;4 503.78;4 602.15;4 487.84;2026.03.20 20:55:36;4 487.77;-0.18;;16.01;[tp]
2026.03.20 20:50:33;Sell;0.01;XAUUSD;4 503.78;4 706.80;4 489.33;2026.03.20 20:55:31;4 488.80;-0.18;;14.98;[tp]
2026.03.19 07:57:48;Balance;;;;;;;;;;-1 403.03;
2026.03.18 12:35:36;Sell;0.01;XAUUSD;4 970.66;4 901.68;4 817.30;2026.03.18 22:28:05;4 817.19;-0.20;;153.47;[tp]
2026.03.18 12:35:37;Sell;0.01;XAUUSD;4 968.34;4 963.22;4 952.23;2026.03.18 13:08:28;4 951.67;-0.20;;16.67;[tp]
2026.03.18 12:35:36;Sell;0.01;XAUUSD;4 970.66;4 970.08;4 942.32;2026.03.18 13:00:23;4 970.17;-0.20;;0.49;[sl]
2026.03.18 12:35:36;Sell;0.01;XAUUSD;4 970.66;4 968.99;4 953.77;2026.03.18 12:59:53;4 969.16;-0.20;;1.50;[sl]
2026.03.13 21:47:20;Sell;0.01;XAUUSD;5 015.13;5 008.78;4 859.38;2026.03.16 02:00:54;5 007.76;-0.20;0.19;7.37;[sl]
2026.03.13 21:47:20;Sell;0.01;XAUUSD;5 013.96;5 013.37;4 988.71;2026.03.16 00:23:16;5 013.55;-0.20;0.19;0.41;[sl]
2026.03.13 21:47:20;Sell;0.01;XAUUSD;5 013.96;5 012.40;4 999.01;2026.03.16 00:23:02;5 012.57;-0.20;0.19;1.39;[sl]
2026.03.13 21:47:20;Sell;0.01;XAUUSD;5 013.96;5 012.27;5 000.61;2026.03.16 00:23:02;5 012.53;-0.20;0.19;1.43;[sl]
2026.03.10 15:01:20;Buy;0.01;XAUUSD;5 199.30;5 216.29;5 228.10;2026.03.10 15:27:24;5 228.59;-0.21;;29.29;[tp]
2026.03.10 15:01:18;Buy;0.01;XAUUSD;5 198.06;5 204.67;5 215.69;2026.03.10 15:21:11;5 215.69;-0.21;;17.63;[tp]
2026.03.10 15:06:46;Buy;0.01;XAUUSD;5 197.94;5 199.67;5 215.20;2026.03.10 15:20:10;5 215.31;-0.21;;17.37;[tp]
2026.03.10 15:01:18;Buy;0.01;XAUUSD;5 198.08;5 199.81;5 215.20;2026.03.10 15:20:10;5 215.31;-0.21;;17.23;[tp]
2026.03.09 01:42:57;Sell;0.01;XAUUSD;5 050.36;5 037.77;5 024.47;2026.03.09 02:15:05;5 037.84;-0.20;;12.52;[sl]
2026.03.09 01:42:57;Sell;0.01;XAUUSD;5 050.36;5 264.59;5 036.40;2026.03.09 02:13:32;5 035.97;-0.20;;14.39;[tp]
2026.03.09 01:42:57;Sell;0.01;XAUUSD;5 050.36;5 048.79;5 034.82;2026.03.09 02:12:52;5 049.09;-0.20;;1.27;[sl]
2026.03.03 13:31:28;Sell;0.01;XAUUSD;5 090.66;5 090.04;5 065.10;2026.03.03 13:33:48;5 088.72;-0.20;;1.94;[sl]
2026.03.03 13:31:28;Sell;0.01;XAUUSD;5 090.66;5 088.87;5 077.42;2026.03.03 13:33:02;5 076.38;-0.20;;14.28;[tp]
2026.03.03 13:29:36;Sell;0.01;XAUUSD;5 132.90;5 177.42;5 103.64;2026.03.03 13:31:27;5 103.41;-0.21;;29.49;[tp]
2026.03.03 13:29:37;Sell;0.01;XAUUSD;5 130.60;5 241.49;5 113.32;2026.03.03 13:31:19;5 112.65;-0.21;;17.95;[tp]
2026.03.03 13:29:36;Sell;0.01;XAUUSD;5 132.90;5 350.98;5 115.51;2026.03.03 13:29:46;5 115.30;-0.21;;17.60;[tp]
2026.02.27 18:10:57;Buy;0.01;XAUUSD;5 248.41;5 222.46;5 408.63;2026.02.27 18:24:27;5 222.13;-0.21;;-26.28;[sl]
2026.02.27 18:10:38;Buy;0.01;XAUUSD;5 246.64;5 246.64;5 331.74;2026.02.27 18:20:14;5 246.33;-0.21;;-0.31;[sl]
2026.02.27 18:10:56;Buy;0.01;XAUUSD;5 247.65;5 249.24;5 265.38;2026.02.27 18:20:04;5 248.76;-0.21;;1.11;[sl]
2026.02.27 18:10:50;Buy;0.01;XAUUSD;5 247.46;5 249.18;5 264.63;2026.02.27 18:20:04;5 248.72;-0.21;;1.26;[sl]
2026.02.27 18:11:05;Buy;0.01;XAUUSD;5 248.76;5 249.36;5 277.49;2026.02.27 18:20:03;5 249.33;-0.21;;0.57;[sl]
2026.02.27 17:58:21;Buy;0.01;XAUUSD;5 246.31;5 228.44;5 331.74;2026.02.27 17:59:00;5 243.39;-0.21;;-2.92;
2026.02.27 15:15:26;Buy;0.01;XAUUSD;5 217.35;5 229.07;5 245.25;2026.02.27 15:30:06;5 230.40;-0.21;;13.05;[sl]
2026.02.27 15:15:26;Buy;0.01;XAUUSD;5 217.35;5 219.31;5 233.26;2026.02.27 15:23:47;5 233.28;-0.21;;15.93;[tp]
2026.02.27 15:08:53;Buy;0.01;XAUUSD;5 215.14;5 219.30;5 233.19;2026.02.27 15:23:47;5 233.28;-0.21;;18.14;[tp]
2026.02.27 15:15:26;Buy;0.01;XAUUSD;5 217.35;5 219.07;5 232.51;2026.02.27 15:23:41;5 232.73;-0.21;;15.38;[tp]
2026.02.27 15:08:53;Buy;0.01;XAUUSD;5 215.14;5 216.86;5 232.44;2026.02.27 15:23:41;5 232.73;-0.21;;17.59;[tp]
2026.02.23 01:05:00;Buy;0.01;XAUUSD;5 117.70;5 133.91;5 273.45;2026.02.23 09:25:20;5 134.12;-0.20;;16.42;[sl]
2026.02.23 01:05:00;Buy;0.01;XAUUSD;5 117.77;5 156.40;5 197.03;2026.02.23 02:00:27;5 156.05;-0.20;;38.28;[sl]
2026.02.20 16:31:44;Buy;0.01;XAUUSD;5 049.74;5 051.40;5 066.28;2026.02.20 16:56:37;5 051.21;-0.20;;1.47;[sl]
2026.02.20 16:32:02;Buy;0.01;XAUUSD;5 051.01;5 051.58;5 078.10;2026.02.20 16:56:37;5 051.54;-0.20;;0.53;[sl]
2026.02.17 07:31:50;Sell;0.01;XAUUSD;4 879.37;4 904.57;4 730.39;2026.02.17 08:33:58;4 904.55;-0.20;;-25.18;[sl]
2026.02.17 07:31:50;Sell;0.01;XAUUSD;4 879.37;4 878.79;4 853.39;2026.02.17 07:33:12;4 878.82;-0.20;;0.55;[sl]
2026.02.17 07:31:50;Sell;0.01;XAUUSD;4 877.82;4 981.03;4 862.82;2026.02.17 07:32:04;4 862.28;-0.20;;15.54;[tp]
2026.02.17 07:31:50;Sell;0.01;XAUUSD;4 877.82;5 090.13;4 864.38;2026.02.17 07:32:04;4 862.28;-0.20;;15.54;[tp]
2026.02.11 12:44:10;Buy;0.01;XAUUSD;5 091.88;5 098.20;5 242.44;2026.02.11 14:17:37;5 098.41;-0.20;;6.53;[sl]
2026.02.11 12:40:53;Buy;0.01;XAUUSD;5 085.68;5 086.26;5 113.09;2026.02.11 13:03:35;5 086.07;-0.20;;0.39;[sl]
2026.02.11 12:40:52;Buy;0.01;XAUUSD;5 084.55;5 090.26;5 101.40;2026.02.11 13:02:07;5 089.96;-0.20;;5.41;[sl]
2026.02.11 12:40:52;Buy;0.01;XAUUSD;5 085.28;5 086.97;5 100.89;2026.02.11 12:49:56;5 100.92;-0.20;;15.64;[tp]
2026.02.11 12:44:09;Buy;0.01;XAUUSD;5 090.21;5 091.90;5 106.48;2026.02.11 12:46:07;5 092.23;-0.20;;2.02;[sl]
2026.02.11 12:44:09;Buy;0.01;XAUUSD;5 090.48;5 092.04;5 107.21;2026.02.11 12:46:07;5 092.04;-0.20;;1.56;[sl]
2026.02.11 12:44:10;Buy;0.01;XAUUSD;5 091.87;5 092.45;5 117.86;2026.02.11 12:46:07;5 092.02;-0.20;;0.15;[sl]
2026.02.02 07:49:16;Sell;0.01;XAUUSD;4 539.49;4 564.48;4 385.93;2026.02.02 07:50:00;4 556.72;-0.18;;-17.23;
2026.01.27 22:03:25;Buy;0.01;XAUUSD;5 110.65;5 125.28;5 137.61;2026.01.27 22:11:28;5 137.80;-0.20;;27.15;[tp]
2026.01.27 22:03:25;Buy;0.01;XAUUSD;5 108.92;5 113.12;5 125.86;2026.01.27 22:09:55;5 126.47;-0.20;;17.55;[tp]
2026.01.27 22:03:25;Buy;0.01;XAUUSD;5 108.50;5 110.17;5 125.13;2026.01.27 22:09:43;5 125.28;-0.20;;16.78;[tp]
2026.01.22 19:22:54;Buy;0.01;XAUUSD;4 887.42;4 904.62;4 913.76;2026.01.22 20:10:42;4 913.83;-0.20;;26.41;[tp]
2026.01.22 19:22:54;Buy;0.01;XAUUSD;4 887.78;4 889.37;4 901.89;2026.01.22 19:49:23;4 901.93;-0.20;;14.15;[tp]
2026.01.22 19:22:54;Buy;0.01;XAUUSD;4 887.78;4 889.25;4 902.58;2026.01.22 19:29:32;4 889.28;-0.20;;1.50;[sl]
2026.01.20 06:35:35;Buy;0.01;XAUUSD;4 689.40;4 707.11;4 715.16;2026.01.20 07:59:00;4 715.17;-0.19;;25.77;[tp]
2026.01.20 06:35:17;Buy;0.01;XAUUSD;4 688.43;4 692.34;4 704.31;2026.01.20 07:34:54;4 704.56;-0.19;;16.13;[tp]
2026.01.19 01:05:00;Buy;0.01;XAUUSD;4 649.10;4 654.87;4 783.39;2026.01.19 04:01:16;4 654.77;-0.19;;5.67;[sl]
2026.01.19 01:05:00;Buy;0.01;XAUUSD;4 649.10;4 653.28;4 667.26;2026.01.19 01:16:40;4 667.28;-0.19;;18.18;[tp]
2026.01.19 01:05:00;Buy;0.01;XAUUSD;4 649.10;4 650.52;4 656.50;2026.01.19 01:08:01;4 656.52;-0.19;;7.42;[tp]
2026.01.19 01:05:00;Buy;0.01;XAUUSD;4 649.10;4 454.02;4 655.96;2026.01.19 01:06:10;4 656.02;-0.19;;6.92;[tp]
2026.01.16 17:28:42;Sell;0.01;XAUUSD;4 573.20;4 562.48;4 546.30;2026.01.16 17:33:44;4 546.09;-0.18;;27.11;[tp]
2026.01.16 17:26:09;Sell;0.01;XAUUSD;4 583.30;4 572.47;4 557.81;2026.01.16 17:31:53;4 557.64;-0.18;;25.66;[tp]
2026.01.16 17:29:00;Sell;0.01;XAUUSD;4 571.40;4 569.98;4 555.29;2026.01.16 17:30:02;4 569.93;-0.18;;1.47;[sl]
2026.01.16 17:26:10;Sell;0.01;XAUUSD;4 581.67;4 580.25;4 566.98;2026.01.16 17:29:51;4 566.29;-0.18;;15.38;[tp]
2026.01.16 17:26:09;Sell;0.01;XAUUSD;4 583.30;4 581.76;4 568.41;2026.01.16 17:29:21;4 568.31;-0.18;;14.99;[tp]
2026.01.16 15:20:06;Sell;0.01;XAUUSD;4 583.70;4 582.16;4 568.41;2026.01.16 17:29:21;4 568.31;-0.18;;15.39;[tp]
2026.01.16 15:20:27;Sell;0.01;XAUUSD;4 585.28;4 677.40;4 616.04;2026.01.16 17:10:45;4 615.99;-0.18;;-30.71;[tp]
2026.01.16 15:29:12;Sell;0.01;XAUUSD;4 583.83;4 778.72;4 568.41;2026.01.16 15:30:00;4 587.48;-0.18;;-3.65;
2026.01.16 15:18:18;Sell;0.01;XAUUSD;4 583.57;4 778.72;4 568.41;2026.01.16 15:19:00;4 589.09;-0.18;;-5.52;
2026.01.16 15:18:18;Sell;0.01;XAUUSD;4 583.61;4 623.70;4 557.81;2026.01.16 15:19:00;4 589.10;-0.18;;-5.49;
2026.01.13 16:45:11;Buy;0.01;XAUUSD;4 628.28;4 629.67;4 643.67;2026.01.13 16:52:10;4 629.35;-0.19;;1.07;[sl]
2026.01.12 02:06:55;Buy;0.01;XAUUSD;4 549.59;4 562.48;4 682.55;2026.01.12 04:08:38;4 562.35;-0.18;;12.76;[sl]
2026.01.12 02:05:40;Buy;0.01;XAUUSD;4 547.72;4 587.82;4 619.37;2026.01.12 03:00:13;4 587.66;-0.18;;39.94;[sl]
2026.01.12 02:05:35;Buy;0.01;XAUUSD;4 546.88;4 588.91;4 635.90;2026.01.12 02:57:09;4 588.83;-0.18;;41.95;[sl]
2026.01.12 02:04:17;Buy;0.01;XAUUSD;4 544.28;4 546.97;4 576.73;2026.01.12 02:32:29;4 576.90;-0.18;;32.62;[tp]
2026.01.12 01:43:17;Buy;0.01;XAUUSD;4 544.27;4 407.65;4 576.73;2026.01.12 01:44:00;4 542.38;-0.18;;-1.89;
2026.01.09 17:08:56;Buy;0.01;XAUUSD;4 498.51;4 500.00;4 513.24;2026.01.09 17:38:44;4 513.27;-0.18;;14.76;[tp]
2026.01.09 17:04:01;Buy;0.01;XAUUSD;4 498.49;4 407.53;4 513.89;2026.01.09 17:05:01;4 493.72;-0.18;;-4.77;
2026.01.09 17:04:04;Buy;0.01;XAUUSD;4 499.42;4 460.58;4 524.53;2026.01.09 17:05:01;4 493.69;-0.18;;-5.73;
2026.01.09 17:04:01;Buy;0.01;XAUUSD;4 498.49;4 310.67;4 513.24;2026.01.09 17:05:00;4 493.65;-0.18;;-4.84;
2026.01.09 17:04:04;Buy;0.01;XAUUSD;4 499.54;4 476.92;4 637.02;2026.01.09 17:05:00;4 493.86;-0.18;;-5.68;
2026.01.09 16:38:07;Buy;0.01;XAUUSD;4 498.29;4 407.53;4 513.89;2026.01.09 16:39:00;4 495.21;-0.18;;-3.08;
2026.01.09 16:38:07;Buy;0.01;XAUUSD;4 498.29;4 309.23;4 513.34;2026.01.09 16:39:00;4 495.33;-0.18;;-2.96;
2025.12.31 07:50:44;Sell;0.01;XAUUSD;4 301.48;4 296.07;4 170.79;2025.12.31 08:10:59;4 296.81;-0.17;;4.67;[sl]
2025.12.31 07:50:44;Sell;0.01;XAUUSD;4 301.83;4 295.04;4 277.96;2025.12.31 07:55:04;4 277.19;-0.17;;24.64;[tp]
2025.12.31 07:50:44;Sell;0.01;XAUUSD;4 301.83;4 484.30;4 288.35;2025.12.31 07:53:13;4 280.87;-0.17;;20.96;[tp]
2025.12.31 07:50:44;Sell;0.01;XAUUSD;4 301.77;4 390.24;4 286.95;2025.12.31 07:53:13;4 280.87;-0.17;;20.90;[tp]
2025.12.29 17:22:03;Sell;0.01;XAUUSD;4 306.92;4 496.77;4 343.85;2025.12.30 02:39:11;4 343.82;-0.17;0.19;-36.90;[tp]
2025.12.29 17:22:03;Sell;0.01;XAUUSD;4 308.04;4 347.12;4 286.21;2025.12.29 18:55:13;4 347.39;-0.17;;-39.35;[sl]
2025.12.26 15:37:29;Buy;0.01;XAUUSD;4 524.01;4 525.39;4 539.38;2025.12.26 16:30:37;4 525.18;-0.18;;1.17;[sl]
2025.12.22 03:39:40;Buy;0.01;XAUUSD;4 378.17;4 399.52;4 466.16;2025.12.22 07:42:43;4 399.45;-0.18;;21.28;[sl]
2025.12.22 03:38:46;Buy;0.01;XAUUSD;4 376.10;4 378.70;4 407.08;2025.12.22 07:32:13;4 407.08;-0.18;;30.98;[tp]
2025.12.22 03:38:40;Buy;0.01;XAUUSD;4 374.27;4 389.77;4 397.65;2025.12.22 06:49:15;4 398.09;-0.17;;23.82;[tp]
2025.12.22 03:36:12;Buy;0.01;XAUUSD;4 372.51;4 377.01;4 387.45;2025.12.22 04:52:00;4 387.47;-0.17;;14.96;[tp]
2025.12.22 03:00:57;Buy;0.01;XAUUSD;4 372.47;4 377.01;4 387.45;2025.12.22 04:52:00;4 387.47;-0.17;;15.00;[tp]
2025.12.22 03:36:11;Buy;0.01;XAUUSD;4 372.44;4 373.88;4 386.81;2025.12.22 04:51:59;4 386.92;-0.17;;14.48;[tp]
2025.12.22 03:00:57;Buy;0.01;XAUUSD;4 372.57;4 374.01;4 386.81;2025.12.22 04:51:59;4 386.92;-0.17;;14.35;[tp]
2025.12.18 18:10:14;Buy;0.01;XAUUSD;4 347.86;4 350.44;4 378.92;2025.12.18 19:06:07;4 349.49;-0.17;;1.63;[sl]
2025.12.18 18:10:22;Buy;0.01;XAUUSD;4 350.62;4 352.77;4 438.18;2025.12.18 19:06:03;4 352.46;-0.17;;1.84;[sl]
2025.12.18 18:11:19;Buy;0.01;XAUUSD;4 352.62;4 358.00;4 484.24;2025.12.18 18:55:13;4 357.91;-0.17;;5.29;[sl]
2025.12.18 18:10:23;Buy;0.01;XAUUSD;4 351.38;4 363.39;4 421.89;2025.12.18 18:51:12;4 363.39;-0.17;;12.01;[sl]
2025.12.18 18:11:19;Buy;0.01;XAUUSD;4 352.70;4 366.57;4 376.65;2025.12.18 18:28:52;4 366.57;-0.17;;13.87;[sl]
2025.12.18 18:10:16;Buy;0.01;XAUUSD;4 348.38;4 363.04;4 372.31;2025.12.18 18:19:05;4 372.47;-0.17;;24.09;[tp]
2025.12.18 18:10:23;Buy;0.01;XAUUSD;4 351.84;4 357.95;4 366.55;2025.12.18 18:14:02;4 366.60;-0.17;;14.76;[tp]
2025.12.18 18:10:23;Buy;0.01;XAUUSD;4 351.38;4 352.81;4 365.93;2025.12.18 18:13:49;4 366.14;-0.17;;14.76;[tp]
2025.12.18 18:10:00;Buy;0.01;XAUUSD;4 347.35;4 349.93;4 362.21;2025.12.18 18:12:49;4 362.21;-0.17;;14.86;[tp]
2025.12.11 18:19:31;Buy;0.01;XAUUSD;4 258.97;4 261.51;4 289.42;2025.12.12 09:35:29;4 289.46;-0.17;-0.42;30.49;[tp]
2025.12.11 17:50:12;Buy;0.01;XAUUSD;4 258.93;4 261.47;4 289.42;2025.12.12 09:35:29;4 289.46;-0.17;-0.42;30.53;[tp]
2025.12.11 17:51:36;Buy;0.01;XAUUSD;4 261.45;4 263.55;4 347.06;2025.12.11 21:01:04;4 262.99;-0.17;;1.54;[sl]
2025.12.11 17:50:04;Buy;0.01;XAUUSD;4 257.99;4 263.25;4 386.25;2025.12.11 21:01:04;4 262.99;-0.17;;5.00;[sl]
2025.12.11 18:43:50;Buy;0.01;XAUUSD;4 262.79;4 274.75;4 331.13;2025.12.11 20:56:00;4 274.66;-0.17;;11.87;[sl]
2025.12.11 17:50:04;Buy;0.01;XAUUSD;4 257.95;4 273.59;4 281.35;2025.12.11 19:12:04;4 273.52;-0.17;;15.57;[sl]
2025.12.11 17:50:03;Buy;0.01;XAUUSD;4 257.35;4 261.81;4 271.58;2025.12.11 18:48:19;4 271.59;-0.17;;14.24;[tp]
2025.12.11 17:50:03;Buy;0.01;XAUUSD;4 257.23;4 258.63;4 270.91;2025.12.11 18:48:14;4 270.92;-0.17;;13.69;[tp]
2025.12.11 18:30:03;Buy;0.01;XAUUSD;4 259.04;4 130.56;4 289.42;2025.12.11 18:31:00;4 256.12;-0.17;;-2.92;
2025.12.10 22:04:14;Buy;0.01;XAUUSD;4 221.72;4 230.56;4 243.95;2025.12.10 22:24:30;4 229.80;-0.17;;8.08;[sl]
2025.12.10 22:04:14;Buy;0.01;XAUUSD;4 221.72;4 225.56;4 234.13;2025.12.10 22:14:11;4 234.15;-0.17;;12.43;[tp]
2025.12.10 22:04:14;Buy;0.01;XAUUSD;4 220.72;4 222.12;4 233.51;2025.12.10 22:13:00;4 233.57;-0.17;;12.85;[tp]
2025.12.10 21:11:15;Buy;0.01;XAUUSD;4 219.85;4 043.16;4 233.51;2025.12.10 21:12:00;4 212.57;-0.17;;-7.28;
2025.12.10 21:11:15;Buy;0.01;XAUUSD;4 219.83;4 134.19;4 234.13;2025.12.10 21:12:00;4 212.80;-0.17;;-7.03;
2025.12.09 08:09:33;Sell;0.01;XAUUSD;4 175.71;4 261.34;4 162.20;2025.12.09 11:05:11;4 202.88;-0.17;;-27.17;
2025.12.09 08:04:52;Sell;0.01;XAUUSD;4 177.19;4 213.57;4 153.87;2025.12.09 11:05:10;4 203.24;-0.17;;-26.05;
2025.12.09 08:04:44;Sell;0.01;XAUUSD;4 177.48;4 354.23;4 163.50;2025.12.09 11:05:10;4 202.97;-0.17;;-25.49;
2025.12.08 18:11:22;Sell;0.01;XAUUSD;4 177.58;4 354.57;4 163.50;2025.12.08 18:15:00;4 183.93;-0.17;;-6.35;
2025.12.08 18:12:25;Sell;0.01;XAUUSD;4 177.28;4 213.74;4 153.87;2025.12.08 18:13:00;4 178.27;-0.17;;-0.99;
2025.12.08 17:15:36;Sell;0.01;XAUUSD;4 177.36;4 213.74;4 153.87;2025.12.08 17:16:01;4 179.31;-0.17;;-1.95;
2025.12.08 17:15:37;Sell;0.01;XAUUSD;4 177.52;4 354.57;4 163.50;2025.12.08 17:16:00;4 179.38;-0.17;;-1.86;
2025.12.08 17:15:38;Sell;0.01;XAUUSD;4 176.99;4 262.52;4 162.20;2025.12.08 17:16:00;4 179.39;-0.17;;-2.40;
2025.12.08 17:09:49;Sell;0.01;XAUUSD;4 177.02;4 213.74;4 153.87;2025.12.08 17:10:01;4 180.83;-0.17;;-3.81;
2025.12.08 17:09:49;Sell;0.01;XAUUSD;4 177.02;4 354.57;4 163.50;2025.12.08 17:10:00;4 180.66;-0.17;;-3.64;
2025.12.05 17:39:26;Buy;0.01;XAUUSD;4 259.00;4 174.76;4 217.97;2025.12.05 18:29:15;4 218.03;-0.17;;-40.97;[tp]
2025.12.05 16:47:26;Buy;0.01;XAUUSD;4 240.98;4 250.09;4 264.16;2025.12.05 17:47:10;4 250.00;-0.17;;9.02;[sl]
2025.12.05 16:47:23;Buy;0.01;XAUUSD;4 239.77;4 241.17;4 253.69;2025.12.05 17:33:22;4 253.81;-0.17;;14.04;[tp]
2025.12.05 16:47:23;Buy;0.01;XAUUSD;4 239.77;4 241.06;4 254.30;2025.12.05 16:56:21;4 241.02;-0.17;;1.25;[sl]
2025.12.01 03:54:58;Buy;0.01;XAUUSD;4 244.55;4 224.04;4 369.10;2025.12.01 07:17:20;4 224.28;-0.17;;-20.27;[sl]
2025.12.01 03:39:34;Buy;0.01;XAUUSD;4 241.90;4 243.98;4 324.88;2025.12.01 04:22:12;4 243.71;-0.17;;1.81;[sl]
2025.12.01 03:39:35;Buy;0.01;XAUUSD;4 243.31;4 245.03;4 310.17;2025.12.01 04:20:15;4 244.53;-0.17;;1.22;[sl]
2025.11.28 02:30:43;Buy;0.01;XAUUSD;4 172.76;4 184.24;4 195.76;2025.11.28 03:18:38;4 184.15;-0.17;;11.39;[sl]
2025.11.28 02:30:42;Buy;0.01;XAUUSD;4 172.08;4 177.60;4 186.17;2025.11.28 03:01:04;4 186.37;-0.17;;14.29;[tp]
2025.11.28 02:28:21;Buy;0.01;XAUUSD;4 171.83;4 177.65;4 186.06;2025.11.28 03:01:01;4 186.15;-0.17;;14.32;[tp]
2025.11.28 02:30:29;Buy;0.01;XAUUSD;4 171.67;4 173.06;4 185.56;2025.11.28 03:00:58;4 185.68;-0.17;;14.01;[tp]
2025.11.28 02:28:14;Buy;0.01;XAUUSD;4 171.70;4 173.09;4 185.46;2025.11.28 03:00:31;4 185.48;-0.17;;13.78;[tp]
2025.11.24 22:37:22;Buy;0.01;XAUUSD;4 131.85;4 136.94;4 256.53;2025.11.25 09:29:47;4 134.90;-0.17;-0.42;3.05;[sl]
2025.11.24 22:35:58;Buy;0.01;XAUUSD;4 130.78;4 132.14;4 144.24;2025.11.25 01:11:40;4 132.08;-0.17;-0.42;1.30;[sl]
2025.11.24 22:33:56;Buy;0.01;XAUUSD;4 130.98;4 132.34;4 144.24;2025.11.25 01:11:40;4 132.24;-0.17;-0.42;1.26;[sl]
2025.11.24 22:37:22;Buy;0.01;XAUUSD;4 131.85;4 132.32;4 154.40;2025.11.25 01:11:40;4 132.24;-0.17;-0.42;0.39;[sl]
2025.11.24 22:33:56;Buy;0.01;XAUUSD;4 130.98;4 132.23;4 144.84;2025.11.25 01:11:40;4 132.05;-0.17;-0.42;1.07;[sl]
2025.11.24 20:32:58;Buy;0.01;XAUUSD;4 100.42;4 113.17;4 123.16;2025.11.24 20:53:24;4 123.19;-0.16;;22.77;[tp]
2025.11.21 08:28:09;Sell;0.01;XAUUSD;4 040.46;4 039.20;4 026.25;2025.11.21 08:41:55;4 039.14;-0.16;;1.32;[sl]
2025.11.21 07:54:04;Sell;0.01;XAUUSD;4 040.23;4 123.53;4 026.25;2025.11.21 07:55:00;4 041.55;-0.16;;-1.32;
2025.11.17 21:35:24;Sell;0.01;XAUUSD;4 033.05;4 023.66;4 011.23;2025.11.17 21:47:18;4 023.69;-0.16;;9.36;[sl]
2025.11.17 21:35:15;Sell;0.01;XAUUSD;4 034.58;4 033.19;4 020.78;2025.11.17 21:42:47;4 019.74;-0.16;;14.84;[tp]
2025.11.17 21:35:24;Sell;0.01;XAUUSD;4 033.05;4 031.77;4 019.48;2025.11.17 21:42:47;4 019.48;-0.16;;13.57;[tp]
2025.11.12 17:10:11;Buy;0.01;XAUUSD;4 147.67;4 160.13;4 170.74;2025.11.12 17:17:22;4 170.74;-0.17;;23.07;[tp]
2025.11.10 03:23:38;Buy;0.01;XAUUSD;4 045.39;4 097.63;4 167.26;2025.11.12 17:16:23;4 167.28;-0.16;-0.84;121.89;[tp]
2025.11.12 17:10:10;Buy;0.01;XAUUSD;4 146.92;4 149.99;4 161.09;2025.11.12 17:13:48;4 161.09;-0.17;;14.17;[tp]
2025.11.12 17:10:10;Buy;0.01;XAUUSD;4 146.92;4 148.29;4 160.49;2025.11.12 17:13:43;4 160.52;-0.17;;13.60;[tp]
2025.11.10 03:22:29;Buy;0.01;XAUUSD;4 044.48;4 045.81;4 057.72;2025.11.10 03:53:01;4 045.50;-0.16;;1.02;[sl]
2025.11.10 03:23:39;Buy;0.01;XAUUSD;4 045.49;4 045.95;4 067.65;2025.11.10 03:53:01;4 045.42;-0.16;;-0.07;[sl]
2025.11.07 18:35:32;Buy;0.01;XAUUSD;4 017.69;4 019.02;4 030.97;2025.11.07 18:42:59;4 018.83;-0.16;;1.14;[sl]
2025.11.07 18:34:59;Buy;0.01;XAUUSD;4 017.77;4 019.10;4 030.97;2025.11.07 18:42:59;4 019.04;-0.16;;1.27;[sl]
2025.11.07 18:35:00;Buy;0.01;XAUUSD;4 018.07;4 019.29;4 031.56;2025.11.07 18:42:52;4 019.34;-0.16;;1.27;[sl]
2025.11.07 18:35:35;Buy;0.01;XAUUSD;4 020.43;4 020.89;4 040.89;2025.11.07 18:42:35;4 020.45;-0.16;;0.02;[sl]
2025.11.04 19:54:00;Balance;;;;;;;;;;-1 500.00;
2025.11.04 16:29:18;Sell;0.01;XAUUSD;3 964.92;3 951.69;3 942.45;2025.11.04 16:33:09;3 942.44;-0.16;;22.48;[tp]
2025.11.04 16:29:18;Sell;0.01;XAUUSD;3 959.99;3 958.77;3 950.33;2025.11.04 16:31:54;3 949.97;-0.16;;10.02;[tp]
2025.11.04 16:29:18;Sell;0.01;XAUUSD;3 964.77;4 132.35;3 951.56;2025.11.04 16:29:57;3 951.56;-0.16;;13.21;[tp]
2025.11.04 16:05:44;Sell;0.01;XAUUSD;3 964.22;3 998.72;3 942.45;2025.11.04 16:15:01;3 975.79;-0.16;;-11.57;
2025.11.04 16:05:44;Sell;0.01;XAUUSD;3 963.91;4 045.10;3 950.33;2025.11.04 16:15:00;3 975.80;-0.16;;-11.89;
2025.11.04 16:05:44;Sell;0.01;XAUUSD;3 964.30;4 131.87;3 951.56;2025.11.04 16:15:00;3 975.72;-0.16;;-11.42;
2025.11.03 15:09:13;Balance;;;;;;;;;;633.00;
2025.11.03 15:07:16;Balance;;;;;;;;;;1 039.00;
2025.11.03 15:04:11;Balance;;;;;;;;;;1 444.00;
